Timestamp,Real,Imaginary
18 ns,34134,21783
19 ns,21306,58976
20 ns,22945,10621
21 ns,47969,48819
22 ns,20996,61289
23 ns,43146,27513
24 ns,56210,40235
25 ns,40483,24300
26 ns,19756,26310
27 ns,40093,8544
28 ns,16115,9491
29 ns,54315,58455
30 ns,44844,50600
31 ns,62290,41228
32 ns,46502,52260
33 ns,3460,19402
34 ns,33849,35304
35 ns,18809,3938
36 ns,41983,935
37 ns,36567,1248
38 ns,23977,12337
39 ns,54252,15960
40 ns,49529,398
41 ns,24905,34377
42 ns,40391,45267
43 ns,61072,40928
44 ns,26244,42332
45 ns,59711,20752
46 ns,60687,24933
47 ns,42106,61515
48 ns,62801,48383
49 ns,5861,21945
50 ns,8795,60430
51 ns,29073,54336
52 ns,46144,29650
53 ns,44570,35778
54 ns,10003,1780
55 ns,45434,30856
56 ns,48295,22722
57 ns,58164,62997
58 ns,23261,56591
59 ns,43452,10368
60 ns,64160,14323
61 ns,30676,46108
62 ns,40081,6067
63 ns,30267,23941
64 ns,53463,60969
65 ns,43053,31680
66 ns,62663,25905
67 ns,4890,9670
68 ns,13628,8149
69 ns,6186,58469
70 ns,2210,55683
71 ns,52706,41495
72 ns,31039,39930
73 ns,51777,63974
74 ns,3506,4698
75 ns,56308,1959
76 ns,4679,58186
77 ns,22129,11741
78 ns,7563,54631
79 ns,50630,18618
80 ns,39850,4376
81 ns,64152,54050
82 ns,40020,35665
83 ns,25312,44591
84 ns,20066,46895
85 ns,53376,27576
86 ns,51033,31378
87 ns,62417,45464
88 ns,40878,42177
89 ns,49969,24341
90 ns,33254,43192
91 ns,37875,38346
92 ns,12388,62655
93 ns,6912,64453
94 ns,1209,6421
95 ns,39389,18111
96 ns,60427,60253
97 ns,30785,3260
98 ns,44081,28447
99 ns,37329,48495
100 ns,64573,54241
101 ns,60713,7127
102 ns,25969,44618
103 ns,18536,58649
104 ns,51917,11655
105 ns,15892,32285
106 ns,40288,28178
107 ns,11653,18475
108 ns,56853,39348
109 ns,46085,56705
110 ns,49305,39464
111 ns,39952,35419
112 ns,16960,44435
113 ns,53385,51799
114 ns,56085,55993
115 ns,57948,50398
116 ns,46324,57126
117 ns,56463,39564
118 ns,45374,16769
119 ns,40705,4143
120 ns,54897,52149
121 ns,65158,64440
122 ns,9364,6820
123 ns,34313,22831
124 ns,1956,25293
125 ns,36065,10876
126 ns,61530,29857
127 ns,44534,3998
128 ns,26503,20400
129 ns,7810,53217
130 ns,35190,46149
131 ns,27134,54571
132 ns,34534,34236
133 ns,45878,51621
134 ns,64860,21256
135 ns,9804,35278
136 ns,46154,49719
137 ns,57356,53992
138 ns,8670,956
139 ns,26043,6714
140 ns,62174,6953
141 ns,17744,5044
142 ns,57808,7794
143 ns,19197,30077
144 ns,60476,19107
145 ns,234,21647
146 ns,37126,58275
147 ns,17244,19020
148 ns,8487,52244
149 ns,58505,7956
150 ns,14043,41063
151 ns,7557,59475
152 ns,39991,26286
153 ns,47100,59968
154 ns,32111,54203
155 ns,5526,61548
156 ns,7870,28684
157 ns,47137,21993
158 ns,2551,61313
159 ns,17525,870
160 ns,27635,6289
161 ns,35691,55807
162 ns,23902,10082
163 ns,1387,42261
164 ns,15376,44549
165 ns,39732,35946
166 ns,16965,23387
167 ns,14325,31442
168 ns,7998,32590
169 ns,49463,48884
170 ns,37249,31501
171 ns,42985,17004
172 ns,21835,61850
173 ns,34969,8791
174 ns,14922,42458
175 ns,19214,40737
176 ns,38161,41363
177 ns,30404,1060
178 ns,22676,64971
179 ns,44993,1943
180 ns,20845,43993
181 ns,40374,37761
182 ns,58255,56708
183 ns,63173,63245
184 ns,55510,41059
185 ns,49875,2590
186 ns,21674,63920
187 ns,62998,38289
188 ns,21457,35372
189 ns,35856,56642
190 ns,31860,35199
191 ns,60434,58240
192 ns,58085,23697
193 ns,36962,447
194 ns,31706,60031
195 ns,24104,15071
196 ns,16452,13406
197 ns,19520,29800
198 ns,45752,56465
199 ns,39612,34477
200 ns,41044,3002
201 ns,17810,55384
202 ns,21260,43169
203 ns,28595,28926
204 ns,40337,50745
205 ns,11151,43534
206 ns,41848,26256
207 ns,53321,27272
208 ns,59502,40106
209 ns,10494,1281
210 ns,11298,64178
211 ns,12742,51478
212 ns,39354,46462
213 ns,23201,46903
214 ns,60461,5802
215 ns,49363,63251
216 ns,32741,46923
217 ns,63183,30536
218 ns,60771,49635
219 ns,51337,53678
220 ns,11285,27177
221 ns,16600,39316
222 ns,44078,64087
223 ns,41674,63588
224 ns,22444,42233
225 ns,48368,39917
226 ns,41124,42766
227 ns,8181,12392
228 ns,27956,31709
229 ns,18368,45035
230 ns,48927,33288
231 ns,35893,28754
232 ns,45359,3852
233 ns,36154,51807
234 ns,21089,12953
235 ns,22596,4572
236 ns,63917,13870
237 ns,52157,58743
238 ns,31275,53328
239 ns,1097,2340
240 ns,27875,12843
241 ns,26118,48797
242 ns,60200,19004
243 ns,5050,30171
244 ns,40352,21861
245 ns,49518,27090
246 ns,28812,22928
247 ns,44757,38791
248 ns,10475,4750
249 ns,52874,49129
250 ns,26274,23307
251 ns,60017,11709
252 ns,24873,16707
253 ns,6116,8478
254 ns,52550,51970
255 ns,28800,13892
256 ns,22119,56551
257 ns,49114,51781
258 ns,53762,19667
259 ns,18606,26070
260 ns,31373,16677
261 ns,39834,27127
262 ns,3800,13933
263 ns,5529,33137
264 ns,47540,10633
265 ns,46778,2705
266 ns,24345,24399
267 ns,41178,34717
268 ns,47061,9115
269 ns,4862,57854
270 ns,11657,33238
271 ns,13739,12512
272 ns,5795,27381
273 ns,38426,37272
274 ns,15919,9245
275 ns,7336,45901
276 ns,47934,43089
277 ns,5917,41432
278 ns,31285,36964
279 ns,28310,41862
280 ns,23996,33699
281 ns,53523,51027
282 ns,54084,65030
283 ns,58364,33219
284 ns,47976,7676
285 ns,32011,45308
286 ns,44967,7148
287 ns,2948,6001
288 ns,36739,11880
289 ns,21219,64746
290 ns,51948,40929
291 ns,47902,63688
292 ns,26140,52665
293 ns,18294,42315
294 ns,4236,33282
295 ns,17714,31222
296 ns,33944,46251
297 ns,43791,3867
298 ns,45132,14218
299 ns,11952,13490
300 ns,38236,22731
301 ns,48845,33294
302 ns,9680,10937
303 ns,18330,1339
304 ns,38361,35243
305 ns,15611,63491
306 ns,34100,42488
307 ns,15428,19803
308 ns,51136,425
309 ns,62140,2514
310 ns,10088,44618
311 ns,61370,19960
312 ns,59009,45119
313 ns,27541,37152
314 ns,11018,49554
315 ns,19106,58856
316 ns,41016,17367
317 ns,41285,51318
318 ns,692,55791
319 ns,64429,39701
320 ns,32799,51151
321 ns,34762,25827
322 ns,31364,26334
323 ns,55597,9527
324 ns,23249,50345
325 ns,45990,43657
326 ns,18104,4005
327 ns,29809,39536
328 ns,25557,35649
329 ns,9670,36466
330 ns,51101,26560
331 ns,7352,28224
332 ns,43411,64012
333 ns,12637,41106
334 ns,15537,61858
335 ns,56387,26625
336 ns,35441,11708
337 ns,51540,48350
338 ns,6864,11918
339 ns,28066,34829
340 ns,33136,13436
341 ns,51382,41945
342 ns,5732,39642
343 ns,53346,55760
344 ns,49987,62782
345 ns,16687,9252
346 ns,22651,60842
347 ns,29251,58209
348 ns,62570,7917
349 ns,3894,26273
350 ns,52275,12202
351 ns,13475,45353
352 ns,19055,33920
353 ns,5954,50861
354 ns,49717,48591
355 ns,7140,9193
356 ns,30467,30282
357 ns,54258,44782
358 ns,6852,25429
359 ns,4887,36864
360 ns,36532,49497
361 ns,56083,64044
362 ns,46629,9465
363 ns,46449,34109
364 ns,12459,40496
365 ns,36265,14477
366 ns,60775,35856
367 ns,46649,19683
368 ns,2992,18646
369 ns,49565,37788
370 ns,27993,5206
371 ns,15220,34370
372 ns,30428,46
373 ns,57005,39624
374 ns,17617,18273
375 ns,32970,2518
376 ns,12892,23015
377 ns,32955,40786
378 ns,59316,38239
379 ns,48898,8440
380 ns,28409,11878
381 ns,4815,47798
382 ns,48043,53617
383 ns,35025,52516
384 ns,34413,54235
385 ns,17165,31419
386 ns,47627,12518
387 ns,48487,32433
388 ns,14125,58905
389 ns,48627,58263
390 ns,8040,65310
391 ns,29406,28055
392 ns,64509,56372
393 ns,35136,1733
394 ns,10213,60358
395 ns,63651,35119
396 ns,19203,20310
397 ns,24186,35535
398 ns,56071,23636
399 ns,19539,55962
400 ns,1493,10537
401 ns,14019,34414
402 ns,58784,19284
403 ns,64929,60985
404 ns,5550,20647
405 ns,45426,12909
406 ns,48763,4146
407 ns,58575,37998
408 ns,64089,20222
409 ns,45143,45358
410 ns,36665,10064
411 ns,18822,42864
412 ns,21364,20904
413 ns,61985,43748
414 ns,47609,1086
415 ns,37445,43320
416 ns,3437,41549
417 ns,45404,44604
418 ns,30880,42208
419 ns,1378,6060
420 ns,11921,34791
421 ns,41985,60766
422 ns,26231,36690
423 ns,65109,58217
424 ns,21932,32547
425 ns,36682,45507
426 ns,51086,10553
427 ns,51651,2465
428 ns,24878,28654
429 ns,50995,45490
430 ns,42685,10082
431 ns,39478,53924
432 ns,50,26971
433 ns,37286,3018
434 ns,27389,12623
435 ns,26408,58897
436 ns,12406,24185
437 ns,23677,48324
438 ns,28031,53900
439 ns,40970,11478
440 ns,57970,19435
441 ns,45256,14924
442 ns,61943,34363
443 ns,21330,20415
444 ns,64192,64194
445 ns,58211,19654
446 ns,1709,37157
447 ns,15869,27099
448 ns,52775,20895
449 ns,62244,48227
450 ns,65430,42562
451 ns,57111,63837
452 ns,10837,59617
453 ns,35909,59769
454 ns,668,18157
455 ns,6828,41153
456 ns,2622,13671
457 ns,1961,610
458 ns,23389,962
459 ns,28168,4450
460 ns,20703,24751
461 ns,37196,10049
462 ns,47266,37076
463 ns,18514,61213
464 ns,53848,1755
465 ns,38220,33104
466 ns,17353,61360
467 ns,22759,12664
468 ns,36419,58330
469 ns,14709,63511
470 ns,65272,48634
471 ns,21823,15824
472 ns,53416,27214
473 ns,46854,30523
474 ns,21399,30139
475 ns,14480,20369
476 ns,57401,35627
477 ns,13630,47308
478 ns,13911,5369
479 ns,61365,16154
480 ns,61428,6455
481 ns,19232,1702
482 ns,30651,5412
483 ns,18505,58754
484 ns,25475,17729
485 ns,53784,13862
486 ns,35986,6202
487 ns,21238,37656
488 ns,19510,5097
489 ns,37977,21784
490 ns,54819,57261
491 ns,22232,42999
492 ns,51854,59649
493 ns,4133,48938
494 ns,44277,54944
495 ns,19387,34570
496 ns,34408,2581
497 ns,19193,57358
498 ns,17101,50603
499 ns,18010,3224
500 ns,23521,13107
501 ns,12676,3713
502 ns,5818,64950
503 ns,47988,55724
504 ns,55998,45498
505 ns,306,34861
506 ns,45602,28980
507 ns,21253,43014
508 ns,27444,21616
509 ns,13522,10323
510 ns,4560,29373
511 ns,54928,37325
512 ns,32817,28268
513 ns,33945,62636
514 ns,65129,27530
515 ns,22895,32590
516 ns,804,27273
517 ns,15052,45516
518 ns,36627,5749
519 ns,39741,57486
520 ns,15180,5961
521 ns,32609,56406
522 ns,24425,29846
523 ns,54683,40960
524 ns,29765,59745
525 ns,31683,52077
526 ns,23473,21724
527 ns,63459,26057
528 ns,29265,1049
529 ns,56441,18867
530 ns,33802,36181
531 ns,6459,62528
532 ns,19186,11446
533 ns,38964,20321
534 ns,61552,44870
535 ns,50055,42555
536 ns,7440,46155
537 ns,50118,18370
538 ns,15891,30592
539 ns,32901,22019
540 ns,49086,35459
541 ns,20787,47059
542 ns,22693,31417
543 ns,62122,46783
544 ns,42169,44377
545 ns,49049,13953
546 ns,36518,51534
547 ns,60164,4409
548 ns,45540,2242
549 ns,44346,28762
550 ns,17525,59488
551 ns,32661,48423
552 ns,5663,13478
553 ns,23831,44326
554 ns,47946,24636
555 ns,39817,23724
556 ns,45318,57455
557 ns,18222,26742
558 ns,37940,5738
559 ns,22275,55602
560 ns,42776,13076
561 ns,53709,36431
562 ns,3778,56391
563 ns,55775,38642
564 ns,22034,48925
565 ns,40760,6191
566 ns,23728,17656
567 ns,23656,35984
568 ns,16415,13509
569 ns,29894,15150
570 ns,40864,47822
571 ns,52397,33779
572 ns,36939,61641
573 ns,9410,17810
574 ns,14633,24639
575 ns,49906,54146
576 ns,7854,58598
577 ns,61005,22392
578 ns,45609,55238
579 ns,17395,12867
580 ns,42586,296
581 ns,44238,41472
582 ns,10091,48487
583 ns,32677,32638
584 ns,63297,18718
585 ns,58529,5704
586 ns,5048,21220
587 ns,53034,16442
588 ns,29042,20351
589 ns,49564,31391
590 ns,60892,44312
591 ns,10824,29626
592 ns,53212,18180
593 ns,22774,27231
594 ns,13351,61811
595 ns,28263,12496
596 ns,29634,13768
597 ns,17522,33699
598 ns,28319,57227
599 ns,32685,62647
600 ns,36867,19710
601 ns,20875,17329
602 ns,46159,29563
603 ns,49960,29261
604 ns,7959,26871
605 ns,16697,7429
606 ns,27627,60327
607 ns,38899,12687
608 ns,33837,15505
609 ns,46363,45992
610 ns,11601,60963
611 ns,19894,57245
612 ns,6456,18642
613 ns,14882,37082
614 ns,13830,27698
615 ns,14729,65461
616 ns,22148,3504
617 ns,9064,14946
618 ns,13502,36914
619 ns,33472,49534
620 ns,43598,35266
621 ns,12264,26739
622 ns,22780,35796
623 ns,34123,42511
624 ns,7295,11529
625 ns,21378,59722
626 ns,36277,42277
627 ns,16445,57057
628 ns,15979,19614
629 ns,30066,47741
630 ns,9006,14676
631 ns,35604,29790
632 ns,4712,14681
633 ns,17044,56349
634 ns,50421,4847
635 ns,58638,56432
636 ns,20271,61047
637 ns,22354,26815
638 ns,54380,48776
639 ns,3505,28243
640 ns,20302,28926
641 ns,9760,8075
642 ns,63076,17088
643 ns,49707,51090
644 ns,10935,46303
645 ns,13517,26988
646 ns,39596,56899
647 ns,23660,25339
648 ns,29927,45618
649 ns,41620,29640
650 ns,65512,18360
651 ns,50709,41527
652 ns,26338,59579
653 ns,1481,44407
654 ns,23435,30390
655 ns,20421,64773
656 ns,7632,12227
657 ns,13371,34957
658 ns,12568,38499
659 ns,22647,42331
660 ns,59696,34994
661 ns,45993,36139
662 ns,53962,35583
663 ns,25857,22148
664 ns,61061,13442
665 ns,50835,36307
666 ns,4402,43232
667 ns,62266,49437
668 ns,10066,25026
669 ns,58498,52243
670 ns,22353,11308
671 ns,40920,19303
672 ns,48810,11449
673 ns,4740,55291
674 ns,20034,32216
675 ns,42508,37679
676 ns,59073,61353
677 ns,26561,10022
678 ns,645,28870
679 ns,17650,17448
680 ns,12877,6115
681 ns,25431,15153
682 ns,31498,6090
683 ns,2901,4029
684 ns,58588,8776
685 ns,47410,10220
686 ns,46714,19690
687 ns,57435,40754
688 ns,46690,2103
689 ns,60017,58757
690 ns,55281,35888
691 ns,9335,48329
692 ns,40888,43525
693 ns,19952,23308
694 ns,51760,35503
695 ns,58518,58755
696 ns,7468,6060
697 ns,13558,34067
698 ns,18457,53768
699 ns,61387,63341
700 ns,27009,50093
701 ns,22743,3901
702 ns,27342,14721
703 ns,33090,60092
704 ns,2019,60807
705 ns,44455,4817
706 ns,11354,10931
707 ns,57275,44163
708 ns,21849,38579
709 ns,33148,37337
710 ns,10190,51547
711 ns,16696,53445
712 ns,29921,52070
713 ns,38845,18075
714 ns,32556,1277
715 ns,40574,26876
716 ns,48034,30266
717 ns,7353,16107
718 ns,35420,48302
719 ns,52531,6597
720 ns,57191,36649
721 ns,30700,18038
722 ns,47105,49234
723 ns,17091,25486
724 ns,53799,63365
725 ns,38372,57605
726 ns,48520,3614
727 ns,30013,28723
728 ns,23391,49501
729 ns,44096,7113
730 ns,38746,6798
731 ns,41184,63914
732 ns,38764,15140
733 ns,24004,12265
734 ns,1733,5358
735 ns,11450,56281
736 ns,30120,14555
737 ns,34311,65
738 ns,31285,29932
739 ns,57450,50830
740 ns,47005,38762
741 ns,807,17847
742 ns,45472,18854
743 ns,33413,45708
744 ns,41651,64389
745 ns,29101,2422
746 ns,10961,64448
747 ns,26111,57672
748 ns,54912,38152
749 ns,34064,58896
750 ns,28246,49907
751 ns,20884,13476
752 ns,62566,33333
753 ns,16681,35193
754 ns,58064,43467
755 ns,57506,35535
756 ns,20811,11808
757 ns,53106,32399
758 ns,49191,28713
759 ns,60807,21913
760 ns,32508,22214
761 ns,46422,2565
762 ns,27386,54068
763 ns,20904,46627
764 ns,64522,55151
765 ns,33633,25256
766 ns,43680,21056
767 ns,13209,40368
768 ns,41141,63997
769 ns,2281,58537
770 ns,4444,42699
771 ns,20359,4551
772 ns,55054,34467
773 ns,39565,7276
774 ns,2204,26013
775 ns,21612,48102
776 ns,9350,3017
777 ns,57383,36839
778 ns,27530,2851
779 ns,15195,46742
780 ns,15477,44666
781 ns,26157,11286
782 ns,3975,54270
783 ns,41771,35813
784 ns,17190,20735
785 ns,3790,43823
786 ns,47159,40809
787 ns,20290,47374
788 ns,64352,46104
789 ns,35288,42155
790 ns,57116,53096
791 ns,3604,4845
792 ns,58232,53857
793 ns,19927,25736
794 ns,65034,48467
795 ns,672,65347
796 ns,8310,14667
797 ns,58407,19493
798 ns,8785,30548
799 ns,52563,26107
800 ns,43850,44945
801 ns,20666,22096
802 ns,58581,45759
803 ns,24214,33073
804 ns,64404,11644
805 ns,23987,1997
806 ns,23421,1176
807 ns,27327,9029
808 ns,23202,37512
809 ns,11649,61234
810 ns,60207,63723
811 ns,5262,39219
812 ns,49981,52815
813 ns,10853,47329
814 ns,26350,36510
815 ns,46403,19801
816 ns,3194,21796
817 ns,55019,7136
818 ns,31736,47304
819 ns,56148,8313
820 ns,17674,15151
821 ns,56269,17991
822 ns,17784,56200
823 ns,44165,9032
824 ns,40001,26099
825 ns,16164,8590
826 ns,44641,62691
827 ns,18664,50289
828 ns,5954,45278
829 ns,48045,12850
830 ns,56387,30736
831 ns,22056,41787
832 ns,1211,25466
833 ns,3218,56635
834 ns,41613,64025
835 ns,23335,24541
836 ns,52011,815
837 ns,46084,42652
838 ns,11662,15694
839 ns,58351,27345
840 ns,36957,27583
841 ns,34751,42984
842 ns,2798,62519
843 ns,44872,47076
844 ns,11037,55419
845 ns,502,43523
846 ns,13766,55952
847 ns,59242,10613
848 ns,63525,34414
849 ns,532,39424
850 ns,28778,62006
851 ns,23854,15974
852 ns,39506,64727
853 ns,31006,18483
854 ns,15321,28962
855 ns,4343,36326
856 ns,24412,20923
857 ns,55282,34808
858 ns,39490,48436
859 ns,17682,63656
860 ns,5353,57426
861 ns,37231,41146
862 ns,62199,11921
863 ns,43992,56128
864 ns,27416,9820
865 ns,59524,11289
866 ns,13680,21080
867 ns,28664,63750
868 ns,46947,24382
869 ns,9465,39890
870 ns,55857,14515
871 ns,10770,28303
872 ns,27449,28233
873 ns,14035,30934
874 ns,8209,10631
875 ns,60430,57305
876 ns,57374,6652
877 ns,36520,28065
878 ns,29582,38989
879 ns,56897,25104
880 ns,65402,43225
881 ns,1979,49869
882 ns,50802,36892
883 ns,3210,47443
884 ns,10101,52901
885 ns,42254,46200
886 ns,46542,16862
887 ns,21277,2956
888 ns,10297,22152
889 ns,3296,10162
890 ns,31729,7485
891 ns,13318,49536
892 ns,30589,2177
893 ns,17313,21577
894 ns,5370,42877
895 ns,35558,34639
896 ns,49939,48874
897 ns,52006,50648
898 ns,17037,55481
899 ns,57926,1656
900 ns,25056,38016
901 ns,9938,8069
902 ns,59317,27792
903 ns,37631,36494
904 ns,62813,56673
905 ns,50542,64032
906 ns,57958,64681
907 ns,19735,7464
908 ns,14546,15971
909 ns,45722,21347
910 ns,10564,59143
911 ns,11657,33358
912 ns,31066,50654
913 ns,22805,1257
914 ns,60737,38286
915 ns,40136,25617
916 ns,64956,50825
917 ns,10184,9995
918 ns,36678,18609
919 ns,36278,56156
920 ns,62305,3466
921 ns,56897,6184
922 ns,42454,33811
923 ns,60949,44517
924 ns,6418,16565
925 ns,2324,58295
926 ns,38797,39746
927 ns,49881,62667
928 ns,54610,52625
929 ns,49423,25475
930 ns,36332,23340
931 ns,32887,7111
932 ns,13509,36425
933 ns,17830,52211
934 ns,60316,35826
935 ns,57331,21449
936 ns,20195,57374
937 ns,61452,6224
938 ns,1718,44691
939 ns,48570,65076
940 ns,23231,49335
941 ns,18490,29682
942 ns,39925,59400
943 ns,39386,11373
944 ns,38900,29800
945 ns,29079,36464
946 ns,17711,58282
947 ns,26507,10055
948 ns,26710,23849
949 ns,35387,8987
950 ns,6833,5837
951 ns,3222,60913
952 ns,6824,1899
953 ns,32461,63270
954 ns,216,29675
955 ns,54703,43714
956 ns,12476,26739
957 ns,14704,57784
958 ns,6641,25486
959 ns,13946,24096
960 ns,9250,48490
961 ns,46308,35710
962 ns,185,19920
963 ns,39611,52977
964 ns,62232,10801
965 ns,20460,56098
966 ns,39904,25393
967 ns,29731,13568
968 ns,24640,18531
969 ns,5964,21042
970 ns,9510,20278
971 ns,18009,717
972 ns,34864,25365
973 ns,34697,44209
974 ns,41622,36914
975 ns,43176,30776
976 ns,63093,27068
977 ns,28117,24289
978 ns,23812,64617
979 ns,64983,3360
980 ns,32954,30666
981 ns,34352,41713
982 ns,14773,48322
983 ns,6314,3212
984 ns,20993,44286
985 ns,65022,50915
986 ns,64054,50277
987 ns,49273,49038
988 ns,24763,6575
989 ns,34848,34024
990 ns,27833,63593
991 ns,54983,24330
992 ns,47671,11191
993 ns,52322,37264
994 ns,57141,10817
995 ns,55565,30068
996 ns,10427,56905
997 ns,1991,18851
998 ns,58358,19854
999 ns,58065,9584
1 us,7320,33240
1001 ns,424,14428
1002 ns,57503,3820
1003 ns,45789,6594
1004 ns,48025,27261
1005 ns,59678,26165
1006 ns,62697,28296
1007 ns,33814,51696
1008 ns,54047,26123
1009 ns,31344,44851
1010 ns,30532,32130
1011 ns,58022,64286
1012 ns,13397,8571
1013 ns,43208,50845
1014 ns,63624,65122
1015 ns,58014,2892
1016 ns,19015,33206
1017 ns,36766,14426
1018 ns,32808,30478
1019 ns,50275,6158
1020 ns,57189,48962
1021 ns,64754,6386
1022 ns,64682,55259
1023 ns,10489,34905
1024 ns,1835,35930
1025 ns,45957,46869
1026 ns,38365,45775
1027 ns,2973,53831
1028 ns,29689,39640
1029 ns,43324,64190
1030 ns,16924,10464
1031 ns,17332,16323
1032 ns,32226,21575
1033 ns,53563,17908
1034 ns,38042,19600
1035 ns,54827,56295
1036 ns,34257,60174
1037 ns,11289,61164
1038 ns,53466,46466
1039 ns,35424,51133
1040 ns,9293,13034
1041 ns,50370,15549
1042 ns,36268,33928
1043 ns,37858,33948
1044 ns,5200,6776
1045 ns,32936,47908
1046 ns,57380,8562
1047 ns,47823,29871
1048 ns,46756,30902
1049 ns,18008,369
1050 ns,6864,19079
1051 ns,43294,46763
1052 ns,61648,62620
1053 ns,37070,2133
1054 ns,39472,41049
1055 ns,30103,29750
1056 ns,11172,9426
1057 ns,46396,21505
1058 ns,4488,10311
1059 ns,41313,4778
1060 ns,60152,14713
1061 ns,9774,39858
1062 ns,24124,7499
1063 ns,2665,12035
1064 ns,53659,37976
1065 ns,10765,31100
1066 ns,28994,7734
1067 ns,61484,31245
1068 ns,16222,21625
1069 ns,42807,11049
1070 ns,40231,2377
1071 ns,22076,25904
1072 ns,38061,13714
1073 ns,32435,32458
1074 ns,45759,2806
1075 ns,61633,25417
1076 ns,53350,46105
1077 ns,14616,48911
1078 ns,48368,60233
1079 ns,58502,44343
1080 ns,65517,31859
1081 ns,5553,12195
1082 ns,46895,52630
1083 ns,18280,37920
1084 ns,42028,23688
1085 ns,3222,27839
1086 ns,52333,16466
1087 ns,41177,56524
1088 ns,50136,16998
1089 ns,37378,59896
1090 ns,10713,49751
1091 ns,32276,14279
1092 ns,22136,40133
1093 ns,36557,18087
1094 ns,2483,19142
1095 ns,59138,43371
1096 ns,60039,19982
1097 ns,37351,11861
1098 ns,65356,8805
1099 ns,55535,11885
1100 ns,58635,3639
1101 ns,47509,49898
1102 ns,18267,7550
1103 ns,25153,44876
1104 ns,62270,48188
1105 ns,41792,9903
1106 ns,32860,20023
1107 ns,22371,35305
1108 ns,15659,54367
1109 ns,16255,53015
1110 ns,39293,51756
1111 ns,25958,58182
1112 ns,3231,57490
1113 ns,26601,23631
1114 ns,2491,36814
1115 ns,29853,31484
1116 ns,14505,46996
1117 ns,21172,47804
1118 ns,44844,38903
1119 ns,1934,32142
1120 ns,12826,32405
1121 ns,46405,18282
1122 ns,2696,61760
1123 ns,22355,63507
1124 ns,17137,45152
1125 ns,7960,40043
1126 ns,3606,16957
1127 ns,50520,31499
1128 ns,14451,11007
1129 ns,7854,8864
1130 ns,682,31649
1131 ns,39696,42201
1132 ns,62115,62771
1133 ns,28113,13306
1134 ns,61682,9291
1135 ns,8185,1085
1136 ns,25641,18995
1137 ns,41004,29047
1138 ns,64551,1592
1139 ns,4173,61354
1140 ns,49920,17540
1141 ns,38969,33704
1142 ns,6341,10784
1143 ns,17531,52129
1144 ns,9980,48734
1145 ns,45083,8850
1146 ns,64746,46655
1147 ns,4105,49655
1148 ns,42850,51562
1149 ns,60734,40799
1150 ns,15970,27220
1151 ns,57448,9544
1152 ns,50268,40770
1153 ns,13360,50315
1154 ns,14913,8900
1155 ns,27039,45998
1156 ns,596,21413
1157 ns,28723,4910
1158 ns,24111,58422
1159 ns,33221,59857
1160 ns,57389,58264
1161 ns,22819,62163
1162 ns,62899,40379
1163 ns,48669,64002
1164 ns,16932,25516
1165 ns,55366,17780
1166 ns,29296,30621
1167 ns,43367,23542
1168 ns,22279,37378
1169 ns,31691,858
1170 ns,23585,42915
1171 ns,3766,13476
1172 ns,50818,61715
1173 ns,4263,55207
1174 ns,46996,56812
1175 ns,49483,7404
1176 ns,37484,10697
1177 ns,20383,4494
1178 ns,54148,63173
1179 ns,5566,11313
1180 ns,16141,5555
1181 ns,14975,51049
1182 ns,3876,41087
1183 ns,64320,44977
1184 ns,19769,52344
1185 ns,32599,53915
1186 ns,29445,8037
1187 ns,51852,15615
1188 ns,43695,64021
1189 ns,14829,838
1190 ns,10727,59419
1191 ns,35842,12491
1192 ns,60437,35635
1193 ns,7704,25266
1194 ns,47539,62245
1195 ns,9146,28124
1196 ns,32469,34892
1197 ns,42664,31498
1198 ns,44015,58953
1199 ns,22559,27308
1200 ns,49934,44690
1201 ns,42456,43604
1202 ns,35064,38069
1203 ns,28271,59443
1204 ns,50821,61596
1205 ns,61434,52959
1206 ns,60487,37520
1207 ns,19552,2620
1208 ns,41146,416
1209 ns,27666,7037
1210 ns,1036,38886
1211 ns,35876,64537
1212 ns,23814,50636
1213 ns,55369,15201
1214 ns,11461,44291
1215 ns,8666,7726
1216 ns,48903,9444
1217 ns,47127,19057
1218 ns,55313,17512
1219 ns,33355,54302
1220 ns,43834,25178
1221 ns,43270,51926
1222 ns,32515,63741
1223 ns,43735,5175
1224 ns,45395,32687
1225 ns,19273,17013
1226 ns,17334,2521
1227 ns,40736,58837
1228 ns,24873,41703
1229 ns,31741,14892
1230 ns,16434,13500
1231 ns,26716,7460
1232 ns,52569,21521
1233 ns,25069,20741
1234 ns,42294,50757
1235 ns,5300,19666
1236 ns,10175,26200
1237 ns,10214,60392
1238 ns,60015,59365
1239 ns,19352,43301
1240 ns,46661,40238
1241 ns,51985,22885
1242 ns,50918,17784
1243 ns,3731,62648
1244 ns,45829,29057
1245 ns,45756,2551
1246 ns,16421,983
1247 ns,58905,60666
1248 ns,55252,2045
1249 ns,65069,18241
1250 ns,25736,7839
1251 ns,7584,53126
1252 ns,34707,34946
1253 ns,40193,61897
1254 ns,26920,34376
1255 ns,33983,32163
1256 ns,20812,53893
1257 ns,12363,10014
1258 ns,21101,59713
1259 ns,2500,59940
1260 ns,15212,19603
1261 ns,33562,49008
1262 ns,25772,24223
1263 ns,38346,64770
1264 ns,25807,4473
1265 ns,56421,15698
1266 ns,48003,42827
1267 ns,30526,12949
1268 ns,27741,38255
1269 ns,57499,44004
1270 ns,8121,39641
1271 ns,46377,14219
1272 ns,40489,11148
1273 ns,43932,28258
1274 ns,60588,24726
1275 ns,57015,47916
1276 ns,46041,669
1277 ns,41942,41549
1278 ns,18236,58682
1279 ns,32213,59708
1280 ns,12496,45967
1281 ns,2887,42659
1282 ns,63536,9054
1283 ns,16640,18171
1284 ns,40151,36542
1285 ns,58550,54843
1286 ns,11861,42221
1287 ns,61959,53154
1288 ns,8805,11306
1289 ns,14163,49205
1290 ns,36597,56111
1291 ns,65259,34944
1292 ns,54056,26205
1293 ns,13830,60013
1294 ns,40341,2523
1295 ns,48318,45271
1296 ns,37259,23951
1297 ns,39098,56849
1298 ns,62449,30613
1299 ns,34466,18365
1300 ns,57759,51090
1301 ns,47017,46166
1302 ns,4456,38008
1303 ns,40631,53347
1304 ns,12419,34520
1305 ns,64196,61198
1306 ns,59430,31580
1307 ns,1220,49386
1308 ns,29601,56580
1309 ns,64055,52732
1310 ns,594,53390
1311 ns,27386,7712
1312 ns,41445,55742
1313 ns,14918,15989
1314 ns,29441,34002
1315 ns,44515,52779
1316 ns,17263,18408
1317 ns,29441,8247
1318 ns,39921,36264
1319 ns,33657,35113
1320 ns,43417,25566
1321 ns,34037,31209
1322 ns,38926,17297
1323 ns,61594,22413
1324 ns,34488,2739
1325 ns,2837,30615
1326 ns,47202,60686
1327 ns,45119,28757
1328 ns,37417,26655
1329 ns,48549,22117
1330 ns,27972,41581
1331 ns,35185,56741
1332 ns,9648,63571
1333 ns,60431,38777
1334 ns,45003,34495
1335 ns,48045,52124
1336 ns,60938,30576
1337 ns,1950,16118
1338 ns,51092,48313
1339 ns,43445,29873
1340 ns,65108,46205
1341 ns,3915,11902
1342 ns,34164,52122
1343 ns,32907,37437
1344 ns,59300,38676
1345 ns,58998,6558
1346 ns,33175,21319
1347 ns,31250,35808
1348 ns,50479,37874
1349 ns,8597,12159
1350 ns,49408,16361
1351 ns,58819,2414
1352 ns,17953,34959
1353 ns,1422,35848
1354 ns,13281,15501
1355 ns,10238,62083
1356 ns,10356,22258
1357 ns,10373,1704
1358 ns,5531,51646
1359 ns,4757,19617
1360 ns,6410,22765
1361 ns,255,58683
1362 ns,56046,2183
1363 ns,8327,13352
1364 ns,24305,32991
1365 ns,18618,57203
1366 ns,49173,32333
1367 ns,20147,22379
1368 ns,51658,63997
1369 ns,17675,51857
1370 ns,50832,1440
1371 ns,64139,34186
1372 ns,30940,25890
1373 ns,44950,49652
1374 ns,63443,10636
1375 ns,21675,7304
1376 ns,42970,63213
1377 ns,51012,46466
1378 ns,10864,55467
1379 ns,61565,5929
1380 ns,27525,50463
1381 ns,17166,16453
1382 ns,37967,20643
1383 ns,18205,39407
1384 ns,48149,12266
1385 ns,11427,45388
1386 ns,16630,57755
1387 ns,59963,8361
1388 ns,15372,29782
1389 ns,17084,57589
1390 ns,3649,442
1391 ns,19946,2040
1392 ns,425,42108
1393 ns,1298,64592
1394 ns,44254,57782
1395 ns,22380,29443
1396 ns,26078,15442
1397 ns,7978,28157
1398 ns,59569,15496
1399 ns,23382,756
1400 ns,61011,20240
1401 ns,44976,13216
1402 ns,27748,11307
1403 ns,19106,56460
1404 ns,12803,28592
1405 ns,17081,27007
1406 ns,5918,15980
1407 ns,42014,44538
1408 ns,44637,59131
1409 ns,24380,21733
1410 ns,10638,33399
1411 ns,61948,18446
1412 ns,11852,46785
1413 ns,18665,29514
1414 ns,9859,23594
1415 ns,57994,1851
1416 ns,32397,17869
1417 ns,53228,30944
1418 ns,48311,62657
1419 ns,64410,3474
1420 ns,7171,49852
1421 ns,57000,52965
1422 ns,25925,13302
1423 ns,23745,52891
1424 ns,4866,30088
1425 ns,28541,53182
1426 ns,36647,39874
1427 ns,64935,6696
1428 ns,53876,32823
1429 ns,17718,33295
1430 ns,59313,37761
1431 ns,32832,9134
1432 ns,38038,64854
1433 ns,41590,10175
1434 ns,46393,13790
1435 ns,25727,50688
1436 ns,63368,25806
1437 ns,25389,39377
1438 ns,505,60921
1439 ns,37490,16989
1440 ns,39434,22559
1441 ns,27503,57084
1442 ns,29490,40264
1443 ns,60947,54119
1444 ns,38336,7239
1445 ns,13812,52587
1446 ns,25462,12040
1447 ns,41590,21466
1448 ns,7883,39654
1449 ns,50489,46679
1450 ns,45921,28805
1451 ns,33732,31993
1452 ns,62868,22491
1453 ns,473,14359
1454 ns,45442,64453
1455 ns,22264,7295
1456 ns,63811,22203
1457 ns,26326,56996
1458 ns,65220,11364
1459 ns,8438,55154
1460 ns,22537,64001
1461 ns,54370,40558
1462 ns,8444,25202
1463 ns,31538,16565
1464 ns,1102,21069
1465 ns,11592,47325
1466 ns,24773,1688
1467 ns,39588,2220
1468 ns,29441,58168
1469 ns,64517,59292
1470 ns,50905,8007
1471 ns,14300,24641
1472 ns,12219,28146
1473 ns,3038,21459
1474 ns,6911,62442
1475 ns,26702,9690
1476 ns,22561,54044
1477 ns,27749,28347
1478 ns,10791,46230
1479 ns,2349,50215
1480 ns,28272,10757
1481 ns,20219,29762
1482 ns,8655,46685
1483 ns,17186,45213
1484 ns,20752,26514
1485 ns,20053,4414
1486 ns,40606,22806
1487 ns,35982,41085
1488 ns,37453,14195
1489 ns,24973,31246
1490 ns,4159,52260
1491 ns,35365,29744
1492 ns,1639,46867
1493 ns,5765,34533
1494 ns,58235,4012
1495 ns,60432,4953
1496 ns,3604,53859
1497 ns,3215,41803
1498 ns,37437,10021
1499 ns,14993,2282
1500 ns,42466,21279
1501 ns,2434,14680
1502 ns,51642,53838
1503 ns,60255,7582
1504 ns,301,48951
1505 ns,11881,28852
1506 ns,52269,55053
1507 ns,61732,19417
1508 ns,5231,10159
1509 ns,54152,62307
1510 ns,36764,7673
1511 ns,15761,36964
1512 ns,62318,6039
1513 ns,1048,63675
1514 ns,42467,11578
1515 ns,13601,26429
1516 ns,12131,50335
1517 ns,40420,25746
1518 ns,34306,53040
1519 ns,32795,36590
1520 ns,47831,33811
1521 ns,39192,33924
1522 ns,48957,45664
1523 ns,19105,27167
1524 ns,29704,10846
1525 ns,63585,40581
1526 ns,60623,34501
1527 ns,18442,53810
1528 ns,19335,1852
1529 ns,32794,53475
1530 ns,40782,58306
1531 ns,42631,37689
1532 ns,41335,30183
1533 ns,409,3600
1534 ns,12491,43900
1535 ns,29101,35203
1536 ns,64356,29756
1537 ns,47648,33317
1538 ns,61867,1278
1539 ns,35683,54676
1540 ns,63326,59922
1541 ns,55750,10705
1542 ns,12319,49890
1543 ns,31647,32989
1544 ns,43302,30473
1545 ns,54464,49664
1546 ns,7018,8550
1547 ns,4909,23096
1548 ns,48693,23114
1549 ns,64295,64134
1550 ns,51700,58913
1551 ns,9140,27848
1552 ns,64642,40973
1553 ns,64863,15053
1554 ns,49141,37750
1555 ns,65492,59654
1556 ns,64918,30424
1557 ns,37148,36893
1558 ns,46600,14955
1559 ns,7599,32236
1560 ns,19566,48742
1561 ns,45251,54413
1562 ns,52360,36194
1563 ns,60181,13527
1564 ns,22383,27710
1565 ns,8878,9980
1566 ns,4004,42845
1567 ns,36749,21507
1568 ns,16835,50522
1569 ns,6075,6908
1570 ns,37901,51005
1571 ns,59749,24466
1572 ns,57902,10456
1573 ns,7946,26862
1574 ns,9659,36060
1575 ns,45022,14555
1576 ns,63854,61515
1577 ns,25948,60228
1578 ns,1344,48947
1579 ns,41161,56547
1580 ns,9753,64787
1581 ns,32225,31614
1582 ns,50895,1810
1583 ns,27612,959
1584 ns,51188,6466
1585 ns,55325,4072
1586 ns,27373,43230
1587 ns,48015,483
1588 ns,31916,1637
1589 ns,21320,58895
1590 ns,10575,59434
1591 ns,10285,14867
1592 ns,16762,58457
1593 ns,25381,23699
1594 ns,19746,38077
1595 ns,22803,34879
1596 ns,38503,24582
1597 ns,29265,20723
1598 ns,62397,42693
1599 ns,179,10405
1600 ns,27640,39835
1601 ns,15058,18985
1602 ns,46181,42329
1603 ns,35921,60381
1604 ns,49192,49422
1605 ns,56516,64434
1606 ns,47108,55368
1607 ns,31608,12406
1608 ns,45678,13132
1609 ns,1711,54845
1610 ns,16434,19293
1611 ns,29373,28655
1612 ns,10748,14877
1613 ns,21085,18057
1614 ns,36102,1472
1615 ns,6797,59653
1616 ns,5089,37854
1617 ns,16776,48781
1618 ns,25918,18307
1619 ns,11520,11267
1620 ns,64844,60449
1621 ns,17309,59260
1622 ns,44218,55551
1623 ns,19666,56534
1624 ns,18282,32056
1625 ns,41851,48383
1626 ns,9828,15671
1627 ns,26195,50133
1628 ns,42480,61266
1629 ns,11298,30765
1630 ns,20870,48966
1631 ns,54740,8356
1632 ns,44355,37551
1633 ns,12870,53553
1634 ns,41921,46196
1635 ns,3848,33922
1636 ns,26388,53979
1637 ns,24014,41818
1638 ns,12427,30898
1639 ns,42251,4221
1640 ns,1981,4562
1641 ns,12149,55389
1642 ns,54801,19939
1643 ns,11459,16556
1644 ns,29478,51720
1645 ns,31535,54040
1646 ns,59282,56832
1647 ns,50917,36152
1648 ns,13750,36354
1649 ns,44847,29150
1650 ns,17215,11525
1651 ns,2446,31152
1652 ns,43956,17016
1653 ns,774,51337
1654 ns,57364,64102
1655 ns,52950,23577
1656 ns,12853,62536
1657 ns,59132,47103
1658 ns,21881,34770
1659 ns,54023,8530
1660 ns,56889,39490
1661 ns,53241,49303
1662 ns,54208,38808
1663 ns,26066,63615
1664 ns,6373,44438
1665 ns,43810,61620
1666 ns,8439,62344
1667 ns,14984,58245
1668 ns,18178,36299
1669 ns,44503,13089
1670 ns,20051,52728
1671 ns,54409,3119
1672 ns,61160,23439
1673 ns,31957,64535
1674 ns,20106,18928
1675 ns,58907,49829
1676 ns,37942,12815
1677 ns,8489,15905
1678 ns,51273,38479
1679 ns,32697,9609
1680 ns,50579,60371
1681 ns,15646,304
1682 ns,38870,38010
1683 ns,6006,57563
1684 ns,38767,62013
1685 ns,7411,35935
1686 ns,35942,22984
1687 ns,16424,1279
1688 ns,4675,15074
1689 ns,43414,56810
1690 ns,44285,21327
1691 ns,22822,37821
1692 ns,2394,14032
1693 ns,49453,35529
1694 ns,58947,4412
1695 ns,51777,9805
1696 ns,3191,39052
1697 ns,29958,15327
1698 ns,42349,9503
1699 ns,42524,50322
1700 ns,59862,34506
1701 ns,53,37116
1702 ns,35234,51708
1703 ns,29592,18956
1704 ns,24710,57114
1705 ns,58787,32215
1706 ns,20862,32804
1707 ns,38341,52516
1708 ns,35053,27208
1709 ns,33455,20399
1710 ns,51583,1650
1711 ns,17555,41560
1712 ns,9054,24835
1713 ns,46584,55779
1714 ns,24891,45312
1715 ns,40119,37471
1716 ns,13920,29502
1717 ns,41610,49559
1718 ns,21376,5995
1719 ns,9810,38733
1720 ns,41802,39082
1721 ns,36467,35601
1722 ns,31864,5559
1723 ns,46622,25551
1724 ns,62797,42354
1725 ns,49956,54948
1726 ns,27418,24362
1727 ns,57803,30879
1728 ns,47128,46067
1729 ns,47837,37525
1730 ns,36821,16710
1731 ns,33020,32951
1732 ns,53756,12676
1733 ns,26189,65325
1734 ns,33266,15121
1735 ns,19363,6868
1736 ns,65526,23058
1737 ns,22531,46749
1738 ns,10538,2561
1739 ns,39973,42869
1740 ns,46725,29902
1741 ns,52263,43369
1742 ns,19085,48309
1743 ns,36223,10280
1744 ns,29265,49946
1745 ns,51656,48936
1746 ns,60613,28668
1747 ns,35422,484
1748 ns,6193,6604
1749 ns,25407,26189
1750 ns,41241,37031
1751 ns,25741,29762
1752 ns,59059,61290
1753 ns,13363,33912
1754 ns,38106,18315
1755 ns,51702,57331
1756 ns,3765,52533
1757 ns,8971,49838
1758 ns,2039,19989
1759 ns,47619,33222
1760 ns,57958,14408
1761 ns,52948,36158
1762 ns,37103,43746
1763 ns,5001,20856
1764 ns,2625,40973
1765 ns,57540,1909
1766 ns,27239,19225
1767 ns,107,64471
1768 ns,5535,9807
1769 ns,56582,21934
1770 ns,15831,47047
1771 ns,36729,15959
1772 ns,13910,60208
1773 ns,14466,27066
1774 ns,35141,31418
1775 ns,12319,22665
1776 ns,50930,42084
1777 ns,34875,42141
1778 ns,5988,56695
1779 ns,34502,52998
1780 ns,39246,9511
1781 ns,11444,32806
1782 ns,28484,30679
1783 ns,35166,49446
1784 ns,23154,30542
1785 ns,40502,63525
1786 ns,40694,13300
1787 ns,54200,62412
1788 ns,55197,65508
1789 ns,52551,40155
1790 ns,51536,61686
1791 ns,43647,22376
1792 ns,18937,3257
1793 ns,63286,21049
1794 ns,40632,55301
1795 ns,17543,23180
1796 ns,59786,42059
1797 ns,39912,32238
1798 ns,57725,9133
1799 ns,14390,63716
1800 ns,33197,6382
1801 ns,62835,40245
1802 ns,14387,12337
1803 ns,27855,52090
1804 ns,16340,35707
1805 ns,22724,25019
1806 ns,12698,46741
1807 ns,30120,15321
1808 ns,43720,48672
1809 ns,37773,40003
1810 ns,4827,56745
1811 ns,16349,8869
1812 ns,19612,12125
1813 ns,30182,21638
1814 ns,8676,16500
1815 ns,53129,63048
1816 ns,64085,9878
1817 ns,9841,21349
1818 ns,30123,39331
1819 ns,15463,55063
1820 ns,7963,12121
1821 ns,21,53536
1822 ns,46567,39090
1823 ns,40067,9276
1824 ns,14935,1622
1825 ns,25988,16641
1826 ns,29380,63549
1827 ns,32634,38141
1828 ns,43537,59119
1829 ns,27904,2707
1830 ns,62567,19432
1831 ns,58799,22233
1832 ns,36934,19371
1833 ns,31767,15857
1834 ns,4523,4498
1835 ns,22446,6006
1836 ns,64885,59053
1837 ns,28713,51179
1838 ns,35075,45861
1839 ns,61141,25856
1840 ns,18148,23789
1841 ns,2136,19879
1842 ns,23240,48777
1843 ns,12415,64073
1844 ns,54688,19149
1845 ns,62457,13170
1846 ns,57809,5252
1847 ns,22900,4102
1848 ns,10458,28323
1849 ns,39404,29061
1850 ns,10300,33429
1851 ns,14130,31426
1852 ns,59476,634
1853 ns,10631,29191
1854 ns,5354,12288
1855 ns,10897,11056
1856 ns,9927,25475
1857 ns,28972,22267
1858 ns,10753,33442
1859 ns,16946,57076
1860 ns,28079,25549
1861 ns,2361,13300
1862 ns,60705,53137
1863 ns,20692,51590
1864 ns,20415,53816
1865 ns,13512,41141
1866 ns,11604,3830
1867 ns,45541,3475
1868 ns,24341,51361
1869 ns,23181,63454
1870 ns,43335,40313
1871 ns,31697,52978
1872 ns,24949,48947
1873 ns,51033,19478
1874 ns,45226,282
1875 ns,58316,32613
1876 ns,51286,34856
1877 ns,65535,45378
1878 ns,64297,33123
1879 ns,63615,52130
1880 ns,61231,63150
1881 ns,53,16761
1882 ns,17197,14928
1883 ns,36597,16852
1884 ns,5737,18638
1885 ns,16326,18425
1886 ns,35510,46404
1887 ns,10267,30148
1888 ns,28172,46160
1889 ns,37128,22776
1890 ns,58583,30472
1891 ns,23320,1567
1892 ns,39331,61359
1893 ns,59391,44520
1894 ns,21035,38141
1895 ns,60498,41604
1896 ns,55255,35142
1897 ns,55852,47806
1898 ns,33466,46283
1899 ns,15964,57127
1900 ns,13590,33680
1901 ns,8543,11522
1902 ns,42402,2366
1903 ns,18982,49492
1904 ns,21702,28544
1905 ns,55138,64587
1906 ns,33652,28336
1907 ns,58712,16185
1908 ns,30624,54469
1909 ns,6243,31805
1910 ns,64520,56675
1911 ns,44237,28307
1912 ns,42037,32298
1913 ns,64212,39273
1914 ns,35129,28661
1915 ns,35043,1491
1916 ns,32593,52280
1917 ns,14693,46975
1918 ns,59571,5012
1919 ns,16404,49101
1920 ns,43055,47101
1921 ns,28242,13361
1922 ns,22813,29996
1923 ns,50125,49500
1924 ns,3647,14813
1925 ns,655,34200
1926 ns,36341,29759
1927 ns,51393,30880
1928 ns,16146,26875
1929 ns,9043,10758
1930 ns,38314,50917
1931 ns,40102,52028
1932 ns,2233,16365
1933 ns,10711,51356
1934 ns,58442,63414
1935 ns,16646,27639
1936 ns,24904,11475
1937 ns,4047,37687
1938 ns,2894,19675
1939 ns,17632,53906
1940 ns,7424,4491
1941 ns,2502,16452
1942 ns,40170,39962
1943 ns,1129,64680
1944 ns,22406,7364
1945 ns,54979,12493
1946 ns,38482,49361
1947 ns,48916,63309
1948 ns,19631,486
1949 ns,48860,42134
1950 ns,1960,46749
1951 ns,52811,42367
1952 ns,61049,373
1953 ns,33252,53243
1954 ns,48635,42216
1955 ns,46714,21950
1956 ns,39689,2533
1957 ns,33735,61683
1958 ns,35774,35244
1959 ns,15346,27511
1960 ns,26016,36545
1961 ns,59373,26058
1962 ns,51703,22103
1963 ns,58591,30896
1964 ns,17932,30057
1965 ns,15252,7236
1966 ns,39588,63075
1967 ns,65262,19447
1968 ns,24724,15241
1969 ns,11627,21153
1970 ns,64507,35815
1971 ns,22079,63291
1972 ns,53153,7019
1973 ns,43125,2572
1974 ns,42794,43857
1975 ns,64445,59095
1976 ns,51472,39313
1977 ns,60181,16814
1978 ns,19474,57458
1979 ns,14761,41499
1980 ns,2997,5393
1981 ns,8179,24753
1982 ns,28192,56494
1983 ns,23370,2674
1984 ns,58545,6551
1985 ns,52913,16429
1986 ns,64543,29727
1987 ns,4344,58493
1988 ns,5415,51637
1989 ns,40015,7853
1990 ns,38937,44290
1991 ns,23394,49603
1992 ns,57204,16276
1993 ns,52865,50515
1994 ns,5366,60978
1995 ns,19661,24390
1996 ns,57494,19584
1997 ns,5029,1390
1998 ns,423,33344
1999 ns,9856,3120
2 us,58298,8069
2001 ns,11278,61122
2002 ns,58402,43356
2003 ns,4751,13705
2004 ns,18741,12296
2005 ns,13243,22184
2006 ns,23141,37892
2007 ns,41924,44397
2008 ns,12838,62304
2009 ns,35443,13262
2010 ns,9083,21926
2011 ns,63915,21981
2012 ns,21820,52952
2013 ns,46797,5045
2014 ns,14412,35818
2015 ns,11319,43814
2016 ns,8972,10114
2017 ns,6673,40998
2018 ns,54877,1813
2019 ns,20967,4509
2020 ns,50826,52978
2021 ns,3832,52479
2022 ns,3254,8966
2023 ns,38328,65073
2024 ns,28994,57226
2025 ns,830,15695
2026 ns,31665,62603
2027 ns,15113,3370
2028 ns,1431,1021
2029 ns,26499,16418
2030 ns,10852,32524
2031 ns,55767,12240
2032 ns,52197,62829
2033 ns,10477,17032
2034 ns,881,44619
2035 ns,35390,8718
2036 ns,39054,17720
2037 ns,61415,3506
2038 ns,5420,41538
2039 ns,58145,43729
2040 ns,29029,56793
2041 ns,25894,44017
2042 ns,30044,44783
2043 ns,27375,28290
2044 ns,29710,60461
2045 ns,64508,40922
2046 ns,30944,47774
2047 ns,59636,26189
2048 ns,36494,16883
2049 ns,9427,24368
2050 ns,16436,60759
2051 ns,7222,15312
2052 ns,59580,39042
2053 ns,27355,17600
2054 ns,45189,53337
2055 ns,24881,41442
2056 ns,12173,16135
2057 ns,11512,45422
2058 ns,32181,27080
2059 ns,31162,12835
2060 ns,13692,62511
2061 ns,57857,22782
2062 ns,65160,38521
2063 ns,22432,56400
2064 ns,33904,53971
2065 ns,17698,9135
2066 ns,36482,14845
2067 ns,9383,27199
2068 ns,26762,34748
2069 ns,64185,21043
2070 ns,31621,6280
2071 ns,33793,56215
2072 ns,24926,27735
2073 ns,27191,42128
2074 ns,61555,7115
2075 ns,34654,45248
2076 ns,38546,51116
2077 ns,49284,27415
2078 ns,30125,25088
2079 ns,81,60941
2080 ns,35423,2999
2081 ns,17882,8181
2082 ns,21323,60751
2083 ns,18240,45998
2084 ns,50305,129
2085 ns,53937,2618
2086 ns,28754,27861
2087 ns,47287,23050
2088 ns,35444,42050
2089 ns,64876,61951
2090 ns,46633,61787
2091 ns,22898,26241
2092 ns,14249,31307
2093 ns,63000,40367
2094 ns,8527,41580
2095 ns,7107,24533
2096 ns,41286,20226
2097 ns,39032,39373
2098 ns,18534,7991
2099 ns,43365,32638
2100 ns,24789,14170
2101 ns,18551,30533
2102 ns,17785,12309
2103 ns,29571,16739
2104 ns,23808,12569
2105 ns,41297,32176
2106 ns,32267,56032
2107 ns,31587,49103
2108 ns,53641,22928
2109 ns,8193,12115
2110 ns,34438,33568
2111 ns,51647,57726
2112 ns,63012,41857
2113 ns,40646,47551
2114 ns,17389,2113
2115 ns,21107,29923
2116 ns,59203,27850
2117 ns,18845,62465
2118 ns,49642,61527
2119 ns,54015,34650
2120 ns,34589,43063
2121 ns,11049,55423
2122 ns,47912,5276
2123 ns,24405,47760
2124 ns,36597,43042
2125 ns,13934,23079
2126 ns,20012,8438
2127 ns,5626,2700
2128 ns,18610,38238
2129 ns,444,30112
2130 ns,15070,59942
2131 ns,4870,6499
2132 ns,49720,42264
2133 ns,53313,27088
2134 ns,1593,33624
2135 ns,59249,29894
2136 ns,37,9736
2137 ns,57378,14059
2138 ns,35991,165
2139 ns,60627,3386
2140 ns,9850,8627
2141 ns,40152,41746
2142 ns,19182,63884
2143 ns,53521,34531
2144 ns,8672,7072
2145 ns,49668,17889
2146 ns,13699,46642
2147 ns,1534,34499
2148 ns,63961,3814
2149 ns,16425,54460
2150 ns,13064,1921
2151 ns,22079,52868
2152 ns,45079,39701
2153 ns,55134,41857
2154 ns,26774,42021
2155 ns,57338,27800
2156 ns,37401,7749
2157 ns,29269,10599
2158 ns,47597,17971
2159 ns,35103,20209
2160 ns,27817,30590
2161 ns,59039,8890
2162 ns,42193,39082
2163 ns,16846,10717
2164 ns,3184,10796
2165 ns,32997,41728
2166 ns,47357,36554
2167 ns,59852,59205
2168 ns,42300,25300
2169 ns,47622,14169
2170 ns,13985,58473
2171 ns,51818,9027
2172 ns,38292,4252
2173 ns,45226,23570
2174 ns,19159,10857
2175 ns,37613,54107
2176 ns,34499,57088
2177 ns,25284,19966
2178 ns,28010,24253
2179 ns,10359,57682
2180 ns,27105,49495
2181 ns,8564,8404
2182 ns,57774,1567
2183 ns,18972,61947
2184 ns,3890,19731
2185 ns,18784,21209
2186 ns,57694,63670
2187 ns,43874,37341
2188 ns,49069,53423
2189 ns,25044,31780
2190 ns,42330,65468
2191 ns,17667,4273
2192 ns,30167,12642
2193 ns,61780,37262
2194 ns,44667,11709
2195 ns,58794,35205
2196 ns,18689,9353
2197 ns,19409,61463
2198 ns,7348,7752
2199 ns,12855,27725
2200 ns,37403,27959
2201 ns,6500,9417
2202 ns,63587,12067
2203 ns,14258,14037
2204 ns,60415,41430
2205 ns,54071,38743
2206 ns,1361,47440
2207 ns,15397,2235
2208 ns,21922,7406
2209 ns,62359,37328
2210 ns,51305,25299
2211 ns,59599,9839
2212 ns,50103,39511
2213 ns,38848,14288
2214 ns,39359,49716
2215 ns,60600,4447
2216 ns,59963,20118
2217 ns,17499,39479
2218 ns,44987,54944
2219 ns,16818,1770
2220 ns,44875,35533
2221 ns,62466,61366
2222 ns,49681,2486
2223 ns,53137,31550
2224 ns,26932,44641
2225 ns,58958,38701
2226 ns,3965,46148
2227 ns,24725,54081
2228 ns,38965,18373
2229 ns,32729,13035
2230 ns,13621,50037
2231 ns,12354,62286
2232 ns,8350,19670
2233 ns,61441,5615
2234 ns,25122,54039
2235 ns,37478,58184
2236 ns,17447,13660
2237 ns,23316,59852
2238 ns,56682,36660
2239 ns,37633,51038
2240 ns,57239,25784
2241 ns,49743,22755
2242 ns,37887,3993
2243 ns,49200,5719
2244 ns,54917,41907
2245 ns,37535,3908
2246 ns,54367,20033
2247 ns,55771,3125
2248 ns,15259,54643
2249 ns,45140,10907
2250 ns,10380,59318
2251 ns,54467,8227
2252 ns,51060,45535
2253 ns,27310,4479
2254 ns,26594,4883
2255 ns,993,33411
2256 ns,24761,16341
2257 ns,2507,1644
2258 ns,10233,31118
2259 ns,43673,24520
2260 ns,54108,45717
2261 ns,3536,48536
2262 ns,5479,50613
2263 ns,47317,36712
2264 ns,34935,23546
2265 ns,54848,16053
2266 ns,52506,56032
2267 ns,30073,62143
2268 ns,61980,27207
2269 ns,168,22628
2270 ns,43188,54090
2271 ns,23390,55391
2272 ns,7579,17109
2273 ns,2252,16448
2274 ns,35901,31896
2275 ns,50387,32961
2276 ns,8803,26049
2277 ns,46991,37254
2278 ns,64394,49594
2279 ns,44709,65157
2280 ns,7490,53176
2281 ns,33096,23782
2282 ns,41567,11972
2283 ns,36877,2499
2284 ns,48310,30587
2285 ns,43285,9538
2286 ns,11764,51060
2287 ns,37063,58334
2288 ns,24256,40531
2289 ns,44818,18691
2290 ns,6009,31022
2291 ns,26013,31671
2292 ns,33740,806
2293 ns,31776,63967
2294 ns,40922,34841
2295 ns,57432,718
2296 ns,53757,40419
2297 ns,42208,50998
2298 ns,30584,45593
2299 ns,9411,62452
2300 ns,6029,32596
2301 ns,54430,50520
2302 ns,10487,41547
2303 ns,49543,45215
2304 ns,56047,17322
2305 ns,26906,57539
2306 ns,17938,63208
2307 ns,12131,38517
2308 ns,17610,58643
2309 ns,44226,64584
2310 ns,13169,40503
2311 ns,63068,24701
2312 ns,63927,61831
2313 ns,55799,26995
2314 ns,5695,3079
2315 ns,12012,20807
2316 ns,35781,2427
2317 ns,52866,6442
2318 ns,31284,40308
2319 ns,16666,22373
2320 ns,22142,59290
2321 ns,29422,33185
2322 ns,21626,45974
2323 ns,37485,26302
2324 ns,6253,4993
2325 ns,17502,13345
2326 ns,42238,60683
2327 ns,39286,52238
2328 ns,48252,32154
2329 ns,24009,23479
2330 ns,47069,50976
2331 ns,57890,18962
2332 ns,48040,4620
2333 ns,64876,6069
2334 ns,54950,55441
2335 ns,36522,32156
2336 ns,27641,12063
2337 ns,29668,25234
2338 ns,28597,27860
2339 ns,55427,26056
2340 ns,11407,45309
2341 ns,13113,64631
2342 ns,51702,24323
2343 ns,49241,53640
2344 ns,57231,53134
2345 ns,9791,37093
2346 ns,49232,21427
2347 ns,26860,59667
2348 ns,40078,65153
2349 ns,47913,45222
2350 ns,46025,61984
2351 ns,29908,8779
2352 ns,64776,55637
2353 ns,54274,3138
2354 ns,58057,54626
2355 ns,29703,5
2356 ns,61593,18926
2357 ns,1385,54673
2358 ns,57345,19972
2359 ns,36333,17193
2360 ns,44834,62787
2361 ns,36021,3758
2362 ns,1553,40807
2363 ns,14871,48726
2364 ns,40161,2333
2365 ns,10561,25699
2366 ns,3617,54770
2367 ns,39244,17243
2368 ns,44253,2897
2369 ns,43649,65315
2370 ns,49101,1529
2371 ns,58785,51967
2372 ns,7352,41251
2373 ns,50693,13366
2374 ns,2655,3773
2375 ns,54328,60092
2376 ns,4098,7930
2377 ns,36500,16363
2378 ns,20698,15317
2379 ns,59104,55747
2380 ns,8078,32962
2381 ns,61556,49957
2382 ns,63811,45966
2383 ns,15794,61609
2384 ns,14359,1246
2385 ns,3231,36157
2386 ns,64737,4244
2387 ns,27406,6704
2388 ns,63256,42334
2389 ns,10650,59660
2390 ns,16146,41289
2391 ns,36784,12922
2392 ns,12589,9805
2393 ns,36636,28316
2394 ns,34702,8150
2395 ns,34283,53481
2396 ns,32386,57824
2397 ns,3370,9873
2398 ns,22976,37166
2399 ns,27510,25585
2400 ns,23687,14453
2401 ns,13071,62404
2402 ns,46299,34701
2403 ns,32963,61414
2404 ns,36526,26450
2405 ns,26707,36910
2406 ns,57144,6954
2407 ns,35947,13010
2408 ns,18378,16774
2409 ns,10294,54100
2410 ns,16089,1780
2411 ns,48283,5695
2412 ns,15072,40356
2413 ns,51229,5171
2414 ns,31158,37412
2415 ns,42264,18568
2416 ns,12440,4652
2417 ns,7403,50652
2418 ns,54772,39036
2419 ns,14393,18789
2420 ns,42413,11910
2421 ns,62607,54846
2422 ns,65290,2480
2423 ns,58614,19584
2424 ns,27376,48213
2425 ns,13659,49571
2426 ns,18065,6639
2427 ns,27927,27821
2428 ns,54003,65010
2429 ns,45384,48568
2430 ns,51846,57114
2431 ns,32151,4794
2432 ns,53715,52152
2433 ns,32216,34779
2434 ns,11596,32160
2435 ns,20638,57843
2436 ns,6735,21620
2437 ns,15223,44594
2438 ns,28467,7598
2439 ns,64757,53099
2440 ns,44327,30931
2441 ns,16051,22507
2442 ns,24472,2691
2443 ns,29970,48249
2444 ns,11169,64550
2445 ns,49802,54679
2446 ns,37102,32912
2447 ns,39834,21723
2448 ns,34505,3062
2449 ns,26102,23772
2450 ns,18187,57387
2451 ns,42230,52338
2452 ns,11550,60753
2453 ns,4382,45531
2454 ns,49683,14186
2455 ns,51694,20824
2456 ns,2257,5598
2457 ns,37728,13915
2458 ns,62902,48247
2459 ns,24648,3354
2460 ns,54417,55253
2461 ns,20550,43016
2462 ns,18319,41738
2463 ns,2161,20278
2464 ns,46912,16162
2465 ns,471,7801
2466 ns,41555,47007
2467 ns,49743,6574
2468 ns,15411,21885
2469 ns,47161,37496
2470 ns,58274,50386
2471 ns,40899,35105
2472 ns,56859,25610
2473 ns,58442,38556
2474 ns,23021,1185
2475 ns,22382,62871
2476 ns,12816,51314
2477 ns,62288,62065
2478 ns,52189,18896
2479 ns,37683,31304
2480 ns,47556,17713
2481 ns,48086,19755
2482 ns,52354,49131
2483 ns,59204,44091
2484 ns,2208,3422
2485 ns,34933,51266
2486 ns,13429,34914
2487 ns,54595,47579
2488 ns,16393,37881
2489 ns,54681,50643
2490 ns,4090,25979
2491 ns,20806,45061
2492 ns,37291,2739
2493 ns,45339,40538
2494 ns,14629,33940
2495 ns,64506,63791
2496 ns,33025,28923
2497 ns,44894,57921
2498 ns,25571,55425
2499 ns,55436,10135
2500 ns,6850,29704
2501 ns,51769,47172
2502 ns,57704,45628
2503 ns,30393,42798
2504 ns,10535,9948
2505 ns,44291,61734
2506 ns,63772,56814
2507 ns,21377,24310
2508 ns,669,14131
2509 ns,58551,46594
2510 ns,20992,20325
2511 ns,41427,58947
2512 ns,25529,6986
2513 ns,31996,52579
2514 ns,16328,2464
2515 ns,57505,30269
2516 ns,26146,53431
2517 ns,8222,31891
2518 ns,10909,24680
2519 ns,4332,28924
2520 ns,10223,32397
2521 ns,11877,28148
2522 ns,37344,43152
2523 ns,49804,51546
2524 ns,24519,43352
2525 ns,38097,60218
2526 ns,51988,473
2527 ns,58719,48697
2528 ns,34453,19259
2529 ns,15379,54345
2530 ns,20373,60657
2531 ns,44915,10826
2532 ns,61386,44717
2533 ns,43217,20429
2534 ns,42305,42476
2535 ns,44478,47299
2536 ns,40578,41218
2537 ns,31770,2244
2538 ns,10722,44368
2539 ns,50648,22373
2540 ns,15307,40412
2541 ns,64888,13808
2542 ns,65446,38602
2543 ns,6190,17931
2544 ns,47160,16066
2545 ns,48094,29697
2546 ns,30336,41860
2547 ns,52131,53198
2548 ns,20554,744
2549 ns,49447,41961
2550 ns,28434,26413
2551 ns,4646,55975
2552 ns,6505,50761
2553 ns,59125,64289
2554 ns,14728,5628
2555 ns,8357,38897
2556 ns,24324,18620
2557 ns,55972,44943
2558 ns,27147,40757
2559 ns,58506,61748
2560 ns,56553,39586
2561 ns,5815,2599
2562 ns,60112,62944
2563 ns,12727,65479
2564 ns,50854,45508
2565 ns,11800,58741
2566 ns,54853,30904
2567 ns,28979,5393
2568 ns,7123,56280
2569 ns,8854,44918
2570 ns,12597,27776
2571 ns,54244,27264
2572 ns,46149,17869
2573 ns,41199,7093
2574 ns,2005,40329
2575 ns,33194,12215
2576 ns,62336,21245
2577 ns,37342,45353
2578 ns,18158,36639
2579 ns,38853,28157
2580 ns,44376,52831
2581 ns,47546,8499
2582 ns,12100,29196
2583 ns,60450,42381
2584 ns,26522,50741
2585 ns,62747,5354
2586 ns,40807,34382
2587 ns,1984,21095
2588 ns,21632,58631
2589 ns,34512,8528
2590 ns,33150,63865
2591 ns,44402,32866
2592 ns,37839,28411
2593 ns,13876,6487
2594 ns,13049,53021
2595 ns,65508,10426
2596 ns,36291,27647
2597 ns,50639,24234
2598 ns,12815,60628
2599 ns,11780,64544
2600 ns,10038,26346
2601 ns,63108,38524
2602 ns,14710,59928
2603 ns,51386,15392
2604 ns,1325,23577
2605 ns,26200,12012
2606 ns,60750,18723
2607 ns,58125,29423
2608 ns,26311,15804
2609 ns,54665,19007
2610 ns,3140,50707
2611 ns,47566,36491
2612 ns,34726,12308
2613 ns,38464,49580
2614 ns,56044,29071
2615 ns,49876,58792
2616 ns,49854,58783
2617 ns,59301,15283
2618 ns,27555,52019
2619 ns,30442,6124
2620 ns,29330,7573
2621 ns,36061,5970
2622 ns,53584,28068
2623 ns,57720,45439
2624 ns,44020,1480
2625 ns,30417,49019
2626 ns,39105,19219
2627 ns,8402,11005
2628 ns,61057,38612
2629 ns,7453,26353
2630 ns,32576,10497
2631 ns,43269,65217
2632 ns,49719,50943
2633 ns,48477,47686
2634 ns,7088,13267
2635 ns,19865,42368
2636 ns,43291,6683
2637 ns,20279,21419
2638 ns,12643,50013
2639 ns,9888,8433
2640 ns,23430,12252
2641 ns,39439,3754
2642 ns,42792,61771
2643 ns,1489,53712
2644 ns,29123,37900
2645 ns,27153,32251
2646 ns,6964,55516
2647 ns,179,51428
2648 ns,45388,25454
2649 ns,21250,31352
2650 ns,50648,34252
2651 ns,51938,11127
2652 ns,3091,48320
2653 ns,32413,33895
2654 ns,26148,56434
2655 ns,14071,19417
2656 ns,24590,25287
2657 ns,63841,50706
2658 ns,323,64488
2659 ns,2895,3669
2660 ns,55316,15079
2661 ns,34190,39103
2662 ns,4187,45978
2663 ns,3131,52565
2664 ns,64380,58063
2665 ns,14379,15644
2666 ns,27897,54795
2667 ns,6718,51618
2668 ns,1312,59336
2669 ns,48227,33826
2670 ns,46693,11248
2671 ns,10856,47041
2672 ns,14077,15717
2673 ns,34515,61695
2674 ns,3667,10971
2675 ns,20350,49971
2676 ns,2558,21115
2677 ns,10304,32132
2678 ns,47909,34518
2679 ns,6682,23144
2680 ns,3762,58036
2681 ns,18775,38242
2682 ns,30452,61208
2683 ns,20179,37906
2684 ns,41666,9085
2685 ns,504,40037
2686 ns,3603,18542
2687 ns,43381,63583
2688 ns,2390,62693
2689 ns,45973,58448
2690 ns,4544,35190
2691 ns,8791,51025
2692 ns,63125,60053
2693 ns,30902,52837
2694 ns,4309,1918
2695 ns,56180,30487
2696 ns,4595,44775
2697 ns,40246,42861
2698 ns,58164,17172
2699 ns,54582,47288
2700 ns,39848,14037
2701 ns,21934,30944
2702 ns,11039,25110
2703 ns,42430,15681
2704 ns,38667,11966
2705 ns,19404,40918
2706 ns,12201,16239
2707 ns,19430,27331
2708 ns,54889,48241
2709 ns,39066,16634
2710 ns,13983,47822
2711 ns,45418,34564
2712 ns,39397,8596
2713 ns,2513,25175
2714 ns,56798,54629
2715 ns,5758,12644
2716 ns,39738,667
2717 ns,8170,58234
2718 ns,19746,49303
2719 ns,25859,16508
2720 ns,63644,34858
2721 ns,12843,48803
2722 ns,32777,46933
2723 ns,23203,64176
2724 ns,1789,26802
2725 ns,25259,58548
2726 ns,53130,62330
2727 ns,60997,47701
2728 ns,34849,56176
2729 ns,18894,5578
2730 ns,12904,52898
2731 ns,34679,1261
2732 ns,7296,9552
2733 ns,54996,6837
2734 ns,43571,34172
2735 ns,62293,58393
2736 ns,58866,24239
2737 ns,61673,38107
2738 ns,13287,30590
2739 ns,34969,25814
2740 ns,37492,42670
2741 ns,28738,30044
2742 ns,7896,43964
2743 ns,16629,48330
2744 ns,33160,16922
2745 ns,17386,57697
2746 ns,27338,14326
2747 ns,37340,43212
2748 ns,20373,32426
2749 ns,45430,56159
2750 ns,45575,9904
2751 ns,35980,59052
2752 ns,9396,20269
2753 ns,44702,63809
2754 ns,5321,12614
2755 ns,34873,9878
2756 ns,21413,60612
2757 ns,30047,29166
2758 ns,10426,57175
2759 ns,54127,32491
2760 ns,40902,7970
2761 ns,3926,21492
2762 ns,28227,29332
2763 ns,45367,16584
2764 ns,10841,44435
2765 ns,5137,949
2766 ns,56462,13114
2767 ns,53800,54290
2768 ns,39168,31976
2769 ns,31887,28177
2770 ns,57274,39425
2771 ns,40656,33877
2772 ns,30380,8960
2773 ns,41137,3804
2774 ns,23448,36403
2775 ns,47508,13865
2776 ns,45332,37019
2777 ns,60906,25431
2778 ns,4910,37823
2779 ns,40928,38292
2780 ns,55187,10950
2781 ns,25703,35278
2782 ns,23180,52349
2783 ns,45689,16410
2784 ns,61163,61279
2785 ns,52909,53798
2786 ns,50000,13543
2787 ns,5306,53700
2788 ns,48738,25623
2789 ns,1851,18858
2790 ns,24406,20206
2791 ns,64395,57479
2792 ns,38016,26841
2793 ns,37106,42075
2794 ns,59993,26052
2795 ns,13200,5754
2796 ns,54036,37204
2797 ns,3449,46019
2798 ns,461,18254
2799 ns,13273,55388
2800 ns,45832,49471
2801 ns,44165,58517
2802 ns,3551,26736
2803 ns,16352,51571
2804 ns,63422,10633
2805 ns,46702,43203
2806 ns,36354,42594
2807 ns,25313,32635
2808 ns,38612,54516
2809 ns,55272,10659
2810 ns,48084,38284
2811 ns,57963,43866
2812 ns,1725,11595
2813 ns,35604,10627
2814 ns,31804,65127
2815 ns,12569,57683
2816 ns,15871,55564
2817 ns,56847,59210
2818 ns,8009,47505
2819 ns,57072,60778
2820 ns,35372,27888
2821 ns,52013,57238
2822 ns,12285,33202
2823 ns,15081,43083
2824 ns,54001,47567
2825 ns,8025,44937
2826 ns,13566,17959
2827 ns,18179,261
2828 ns,13151,27493
2829 ns,64988,10909
2830 ns,50451,29268
2831 ns,40427,36832
2832 ns,529,61544
2833 ns,14549,12250
2834 ns,22051,38465
2835 ns,48596,12221
2836 ns,55341,30182
2837 ns,851,32874
2838 ns,10636,32640
2839 ns,38965,22481
2840 ns,17086,64992
2841 ns,35768,17685
2842 ns,34130,22519
2843 ns,38965,49900
2844 ns,63979,6037
2845 ns,5881,57698
2846 ns,1882,8419
2847 ns,10798,23552
2848 ns,59403,48235
2849 ns,37036,52396
2850 ns,40098,23499
2851 ns,57336,47656
2852 ns,48303,59000
2853 ns,29536,35065
2854 ns,21473,49328
2855 ns,46991,10979
2856 ns,23066,20256
2857 ns,23428,11660
2858 ns,27171,45733
2859 ns,63458,51103
2860 ns,62074,33330
2861 ns,38819,62203
2862 ns,58124,29913
2863 ns,38293,40258
2864 ns,18386,27074
2865 ns,29054,2943
2866 ns,21983,54165
2867 ns,48636,34310
2868 ns,9608,40540
2869 ns,40738,40966
2870 ns,901,63467
2871 ns,1205,16019
2872 ns,19072,24780
2873 ns,34232,36173
2874 ns,29115,38223
2875 ns,51820,11758
2876 ns,21196,19327
2877 ns,5567,6703
2878 ns,50492,56282
2879 ns,37047,36176
2880 ns,61407,61342
2881 ns,15095,57841
2882 ns,54827,56727
2883 ns,18756,40705
2884 ns,53554,27994
2885 ns,35943,39838
2886 ns,2930,4509
2887 ns,25320,4573
2888 ns,56297,41644
2889 ns,33836,51249
2890 ns,23161,38816
2891 ns,61542,60586
2892 ns,40451,33323
2893 ns,35734,51580
2894 ns,26727,26128
2895 ns,55824,1702
2896 ns,45888,46849
2897 ns,37075,53372
2898 ns,25311,53279
2899 ns,26418,3571
2900 ns,13453,27101
2901 ns,35633,33462
2902 ns,59507,9943
2903 ns,972,49832
2904 ns,18040,54841
2905 ns,47871,56932
2906 ns,21836,22240
2907 ns,60295,20218
2908 ns,57896,44917
2909 ns,48382,31538
2910 ns,61443,22219
2911 ns,37496,35988
2912 ns,37139,61366
2913 ns,42258,54072
2914 ns,45874,13026
2915 ns,54897,26539
2916 ns,18398,34429
2917 ns,38552,47375
2918 ns,51069,47984
2919 ns,47853,26275
2920 ns,57190,29548
2921 ns,722,25551
2922 ns,26994,45693
2923 ns,1496,5079
2924 ns,35994,45363
2925 ns,29508,17289
2926 ns,7658,7692
2927 ns,32979,46062
2928 ns,59521,46836
2929 ns,52057,6760
2930 ns,49460,50995
2931 ns,59696,35329
2932 ns,15373,2266
2933 ns,5687,9196
2934 ns,58463,4735
2935 ns,32767,35000
2936 ns,14575,6457
2937 ns,8412,14880
2938 ns,7989,4521
2939 ns,44195,52053
2940 ns,17698,48541
2941 ns,60628,13106
2942 ns,52041,58897
2943 ns,22122,50674
2944 ns,23596,4399
2945 ns,14176,63808
2946 ns,22636,32950
2947 ns,11159,52668
2948 ns,20738,29728
2949 ns,41682,18206
2950 ns,63321,38491
2951 ns,16618,65442
2952 ns,56194,43870
2953 ns,59111,16907
2954 ns,49127,47145
2955 ns,27046,31902
2956 ns,31827,62864
2957 ns,3932,54799
2958 ns,28330,20682
2959 ns,13533,53538
2960 ns,22757,43180
2961 ns,20069,3530
2962 ns,50302,56483
2963 ns,61792,38618
2964 ns,6406,57255
2965 ns,53047,3989
2966 ns,39914,45473
2967 ns,3182,4612
2968 ns,16667,10668
2969 ns,13659,15602
2970 ns,46590,27453
2971 ns,4507,26716
2972 ns,46744,3210
2973 ns,24274,51162
2974 ns,24478,10231
2975 ns,33513,38804
2976 ns,4799,47393
2977 ns,39058,6977
2978 ns,32490,5587
2979 ns,55663,64912
2980 ns,55852,7764
2981 ns,16246,34555
2982 ns,51211,60146
2983 ns,5281,57628
2984 ns,10061,2295
2985 ns,4217,11890
2986 ns,63005,572
2987 ns,5198,33246
2988 ns,46193,30103
2989 ns,64144,7628
2990 ns,48955,11493
2991 ns,30835,31460
2992 ns,4840,5740
2993 ns,12675,30681
2994 ns,29326,48211
2995 ns,8404,57226
2996 ns,656,56120
2997 ns,60,45694
2998 ns,15109,53030
2999 ns,27415,33473
3 us,49520,59884
3001 ns,55450,60066
3002 ns,17609,56000
3003 ns,46280,33003
3004 ns,10039,3562
3005 ns,24605,58866
3006 ns,65362,33478
3007 ns,21334,60274
3008 ns,9639,36050
3009 ns,53307,26828
3010 ns,854,28762
3011 ns,26538,29117
3012 ns,32094,4291
3013 ns,13239,53771
3014 ns,44426,46114
3015 ns,11395,24978
3016 ns,15927,27460
3017 ns,27234,10892
3018 ns,47376,10986
3019 ns,21792,62544
3020 ns,42537,3812
3021 ns,55425,60168
3022 ns,13887,5675
3023 ns,926,38813
3024 ns,43833,26124
3025 ns,10301,5589
3026 ns,12648,51656
3027 ns,4116,44702
3028 ns,16040,30461
3029 ns,32382,59640
3030 ns,27506,16596
3031 ns,49875,9830
3032 ns,57955,37047
3033 ns,29324,63120
3034 ns,56551,14434
3035 ns,14852,45074
3036 ns,60083,11205
3037 ns,29132,45960
3038 ns,7721,53150
3039 ns,34493,13259
3040 ns,17113,2364
3041 ns,39864,34564
3042 ns,64405,27860
3043 ns,45940,22003
3044 ns,52237,32443
3045 ns,49467,41365
3046 ns,23583,50053
3047 ns,11747,21997
3048 ns,49744,31038
3049 ns,56719,25515
3050 ns,53902,42000
3051 ns,36065,63691
3052 ns,49751,64532
3053 ns,54391,30924
3054 ns,64699,57849
3055 ns,2887,55553
3056 ns,47713,21776
3057 ns,58773,58002
3058 ns,28736,27084
3059 ns,12825,44179
3060 ns,28571,55430
3061 ns,51518,25223
3062 ns,40973,37835
3063 ns,23388,56814
3064 ns,11144,5289
3065 ns,41430,12112
3066 ns,51323,7361
3067 ns,16157,26035
3068 ns,34851,13340
3069 ns,62282,48312
3070 ns,41708,46497
3071 ns,7935,23582
3072 ns,61701,33049
3073 ns,53169,24428
3074 ns,33408,60451
3075 ns,15750,58739
3076 ns,12812,4653
3077 ns,40087,5282
3078 ns,42742,58366
3079 ns,52020,39947
3080 ns,16345,13531
3081 ns,54924,13030
3082 ns,64394,2822
3083 ns,30241,5884
3084 ns,54612,38208
3085 ns,46109,2038
3086 ns,38170,63424
3087 ns,1756,54207
3088 ns,27646,42247
3089 ns,24242,52803
3090 ns,29080,59428
3091 ns,24118,17688
3092 ns,50434,62472
3093 ns,22088,15996
3094 ns,5535,53192
3095 ns,53985,9652
3096 ns,22107,42625
3097 ns,9488,43868
3098 ns,41635,18922
3099 ns,33102,47499
3100 ns,20301,46012
3101 ns,5208,47039
3102 ns,32642,18818
3103 ns,12271,7137
3104 ns,60012,11119
3105 ns,27813,17765
3106 ns,2657,51877
3107 ns,11558,9962
3108 ns,17220,17789
3109 ns,42001,14041
3110 ns,12611,20735
3111 ns,39695,35469
3112 ns,6149,10584
3113 ns,6628,34412
3114 ns,27442,6311
3115 ns,8973,31138
3116 ns,31849,47072
3117 ns,32722,64016
3118 ns,8722,50985
3119 ns,58406,63337
3120 ns,23969,27767
3121 ns,53116,7252
3122 ns,39540,11328
3123 ns,41043,30880
3124 ns,4548,18335
3125 ns,5080,769
3126 ns,25154,50600
3127 ns,61310,62089
3128 ns,56726,33125
3129 ns,57632,36666
3130 ns,43667,54
3131 ns,43604,35592
3132 ns,15190,32073
3133 ns,48863,59587
3134 ns,28647,43419
3135 ns,30046,13523
3136 ns,55488,43666
3137 ns,42770,16451
3138 ns,61206,49919
3139 ns,28613,27970
3140 ns,45923,4883
3141 ns,2494,27028
3142 ns,59295,7075
3143 ns,21992,50001
3144 ns,22952,15216
3145 ns,57852,43726
3146 ns,27122,46544
3147 ns,57240,31736
3148 ns,6276,28554
3149 ns,52249,53964
3150 ns,26824,5674
3151 ns,10373,45136
3152 ns,15556,55901
3153 ns,29938,40163
3154 ns,53997,52277
3155 ns,2925,10109
3156 ns,23062,41452
3157 ns,21322,28906
3158 ns,34150,7249
3159 ns,36482,8984
3160 ns,999,62220
3161 ns,53600,8499
3162 ns,36245,7270
3163 ns,114,58096
3164 ns,43622,25352
3165 ns,10780,26370
3166 ns,1520,64189
3167 ns,28527,36356
3168 ns,38416,25755
3169 ns,4768,21712
3170 ns,42223,28545
3171 ns,2293,58445
3172 ns,41832,53291
3173 ns,42913,29155
3174 ns,36722,20502
3175 ns,842,13152
3176 ns,61763,35052
3177 ns,16780,49248
3178 ns,4401,37535
3179 ns,37935,60625
3180 ns,52334,38001
3181 ns,40906,48299
3182 ns,25032,47778
3183 ns,42943,19841
3184 ns,63660,37962
3185 ns,16733,323
3186 ns,41822,43369
3187 ns,42507,64267
3188 ns,55850,43558
3189 ns,60747,53790
3190 ns,57797,25959
3191 ns,22006,52316
3192 ns,17940,60194
3193 ns,15187,28538
3194 ns,51641,37605
3195 ns,64734,50349
3196 ns,14541,28521
3197 ns,63063,10554
3198 ns,56904,46912
3199 ns,105,25767
3200 ns,36612,54687
3201 ns,27382,29855
3202 ns,55006,1617
3203 ns,22193,37956
3204 ns,54125,3868
3205 ns,17593,38068
3206 ns,28758,19878
3207 ns,32350,5484
3208 ns,56982,64986
3209 ns,11527,50936
3210 ns,27206,44317
3211 ns,49603,32949
3212 ns,7294,15140
3213 ns,57715,16921
3214 ns,56711,22839
3215 ns,58766,20558
3216 ns,5743,20527
3217 ns,644,2357
3218 ns,46305,3100
3219 ns,15015,59612
3220 ns,37852,21998
3221 ns,10161,45458
3222 ns,13141,9779
3223 ns,35506,9324
3224 ns,43138,50119
3225 ns,15196,10865
3226 ns,19141,54216
3227 ns,60239,17017
3228 ns,14630,7773
3229 ns,34269,3296
3230 ns,23518,17329
3231 ns,61436,12576
3232 ns,61756,61468
3233 ns,62280,19391
3234 ns,4418,26290
3235 ns,43777,32450
3236 ns,16751,46717
3237 ns,63001,15039
3238 ns,34389,42346
3239 ns,3800,33174
3240 ns,57479,50290
3241 ns,25716,27194
3242 ns,15214,13101
3243 ns,34907,49757
3244 ns,22269,28406
3245 ns,50779,17854
3246 ns,24912,7301
3247 ns,62783,12269
3248 ns,46481,59116
3249 ns,49798,3267
3250 ns,24268,40288
3251 ns,6705,12073
3252 ns,25783,13460
3253 ns,17243,64800
3254 ns,29301,23181
3255 ns,38343,50759
3256 ns,40084,57318
3257 ns,13059,44863
3258 ns,40573,13936
3259 ns,25326,3996
3260 ns,55386,63299
3261 ns,39591,64207
3262 ns,13507,2320
3263 ns,191,54877
3264 ns,23421,58303
3265 ns,15383,55615
3266 ns,12557,2585
3267 ns,592,8030
3268 ns,41853,17303
3269 ns,26159,2371
3270 ns,39256,8595
3271 ns,11872,64130
3272 ns,17202,44365
3273 ns,21459,54038
3274 ns,10571,30854
3275 ns,16708,1102
3276 ns,58446,37894
3277 ns,57643,62348
3278 ns,28996,15906
3279 ns,58066,25308
3280 ns,2917,31915
3281 ns,52318,44876
3282 ns,2866,10292
3283 ns,4340,53850
3284 ns,63770,1969
3285 ns,2519,64848
3286 ns,36349,32070
3287 ns,53488,53475
3288 ns,774,14948
3289 ns,5335,53390
3290 ns,27782,64347
3291 ns,45592,36987
3292 ns,38801,62481
3293 ns,65053,14174
3294 ns,42816,42312
3295 ns,14421,45944
3296 ns,58587,62468
3297 ns,58587,28028
3298 ns,61950,15176
3299 ns,51617,40276
3300 ns,27883,53655
3301 ns,20842,13356
3302 ns,52848,6397
3303 ns,21405,59370
3304 ns,13930,16786
3305 ns,53110,56966
3306 ns,47117,58881
3307 ns,47613,26493
3308 ns,45451,33559
3309 ns,19369,52348
3310 ns,58377,5649
3311 ns,23087,54881
3312 ns,34816,11085
3313 ns,17432,40695
3314 ns,33131,39162
3315 ns,12225,20350
3316 ns,64496,20485
3317 ns,50488,60268
3318 ns,11342,23700
3319 ns,39524,7553
3320 ns,33511,7453
3321 ns,30202,45445
3322 ns,40642,47972
3323 ns,54454,47679
3324 ns,55853,40757
3325 ns,43134,30852
3326 ns,44690,55284
3327 ns,11377,22006
3328 ns,15739,20019
3329 ns,29613,13688
3330 ns,43229,24029
3331 ns,40920,20602
3332 ns,42121,32657
3333 ns,62674,57662
3334 ns,19109,35480
3335 ns,45385,56962
3336 ns,39660,55783
3337 ns,45464,41455
3338 ns,42118,39129
3339 ns,19144,50395
3340 ns,52,49654
3341 ns,57189,17950
3342 ns,51377,6792
3343 ns,46435,46860
3344 ns,59182,61038
3345 ns,1313,41061
3346 ns,57341,24087
3347 ns,6228,33640
3348 ns,6739,5375
3349 ns,57732,2229
3350 ns,22157,37258
3351 ns,47580,64994
3352 ns,56629,62113
3353 ns,41498,56723
3354 ns,14761,45791
3355 ns,17082,6979
3356 ns,34063,52784
3357 ns,27746,55802
3358 ns,15437,10828
3359 ns,59893,50587
3360 ns,33092,45334
3361 ns,44442,2925
3362 ns,53011,20045
3363 ns,54385,59925
3364 ns,41958,6007
3365 ns,31492,55636
3366 ns,60732,3830
3367 ns,57488,37600
3368 ns,18423,26984
3369 ns,2918,11016
3370 ns,51258,38780
3371 ns,34981,15655
3372 ns,51822,13081
3373 ns,49888,29623
3374 ns,10606,61906
3375 ns,39454,5897
3376 ns,57704,27212
3377 ns,48404,39372
3378 ns,27522,21445
3379 ns,50224,30251
3380 ns,51312,54455
3381 ns,48745,21329
3382 ns,23416,58154
3383 ns,35266,12445
3384 ns,36657,46807
3385 ns,59622,38132
3386 ns,5683,56527
3387 ns,7365,22020
3388 ns,62524,2573
3389 ns,5684,47
3390 ns,9197,16665
3391 ns,626,28169
3392 ns,54491,51838
3393 ns,59791,13283
3394 ns,16857,49298
3395 ns,34117,1703
3396 ns,47574,24218
3397 ns,28738,6897
3398 ns,51321,17352
3399 ns,45302,43276
3400 ns,58843,30397
3401 ns,14118,21376
3402 ns,10160,13283
3403 ns,27505,20180
3404 ns,58548,553
3405 ns,7997,9265
3406 ns,11950,42229
3407 ns,8555,10636
3408 ns,4714,40381
3409 ns,4310,54948
3410 ns,40467,21227
3411 ns,56947,37017
3412 ns,30202,26951
3413 ns,767,53186
3414 ns,61285,26253
3415 ns,53797,60301
3416 ns,13286,25998
3417 ns,22464,59554
3418 ns,7196,27891
3419 ns,35078,30603
3420 ns,29053,2685
3421 ns,28652,54942
3422 ns,4397,25375
3423 ns,44866,19881
3424 ns,8086,50871
3425 ns,56430,23329
3426 ns,19979,21956
3427 ns,23257,2818
3428 ns,2157,19216
3429 ns,15424,17951
3430 ns,43760,64554
3431 ns,57084,40286
3432 ns,27383,54957
3433 ns,5493,14438
3434 ns,57999,54902
3435 ns,26349,22493
3436 ns,36033,48249
3437 ns,25386,27333
3438 ns,35417,15396
3439 ns,46050,16454
3440 ns,46750,59188
3441 ns,15784,35549
3442 ns,16534,7244
3443 ns,50625,9440
3444 ns,8059,54631
3445 ns,29306,30599
3446 ns,3179,15843
3447 ns,28807,6914
3448 ns,63899,42752
3449 ns,33651,4451
3450 ns,3038,46760
3451 ns,30608,56861
3452 ns,17678,34767
3453 ns,10471,21349
3454 ns,32245,22223
3455 ns,48777,7733
3456 ns,36915,44779
3457 ns,56995,9082
3458 ns,20209,32607
3459 ns,5897,34466
3460 ns,36184,1120
3461 ns,2293,9920
3462 ns,26521,34650
3463 ns,65310,5405
3464 ns,14311,18362
3465 ns,26460,25417
3466 ns,58964,33667
3467 ns,52338,85
3468 ns,21368,18896
3469 ns,65445,60523
3470 ns,44349,23436
3471 ns,51737,27332
3472 ns,55354,58153
3473 ns,12417,7929
3474 ns,16398,50707
3475 ns,21116,40663
3476 ns,34197,28592
3477 ns,22458,33798
3478 ns,65174,11536
3479 ns,7045,54201
3480 ns,62891,24510
3481 ns,34214,29369
3482 ns,51447,33679
3483 ns,24608,44213
3484 ns,31331,44193
3485 ns,4415,60087
3486 ns,51776,6063
3487 ns,21700,30369
3488 ns,64773,15051
3489 ns,4874,51584
3490 ns,14691,44151
3491 ns,48638,26786
3492 ns,19029,57521
3493 ns,16958,21111
3494 ns,65163,19535
3495 ns,46099,47269
3496 ns,28570,63921
3497 ns,39675,33633
3498 ns,58040,245
3499 ns,50784,45571
3500 ns,27408,21503
3501 ns,32910,54442
3502 ns,56839,54170
3503 ns,47403,64557
3504 ns,25185,52152
3505 ns,23551,46511
3506 ns,11315,28887
3507 ns,49835,55308
3508 ns,1653,14534
3509 ns,23760,11280
3510 ns,33401,42683
3511 ns,58104,53132
3512 ns,1444,10930
3513 ns,38582,40264
3514 ns,57163,3217
3515 ns,58877,33980
3516 ns,24465,32593
3517 ns,50218,32994
3518 ns,28042,1923
3519 ns,43460,40832
3520 ns,39326,57718
3521 ns,48940,48819
3522 ns,10275,65252
3523 ns,25789,1411
3524 ns,48238,38626
3525 ns,49618,20814
3526 ns,55347,50953
3527 ns,32535,62155
3528 ns,44065,31811
3529 ns,26396,34862
3530 ns,22634,65444
3531 ns,7497,31435
3532 ns,62539,33514
3533 ns,2839,56467
3534 ns,50460,40017
3535 ns,58142,44849
3536 ns,8703,23272
3537 ns,31174,47374
3538 ns,61052,38173
3539 ns,6,37584
3540 ns,54077,50509
3541 ns,25638,32220
3542 ns,55870,44837
3543 ns,46845,42283
3544 ns,37994,9005
3545 ns,38646,16667
3546 ns,62718,58410
3547 ns,16239,9459
3548 ns,6377,39213
3549 ns,35710,22765
3550 ns,6795,42595
3551 ns,58822,39306
3552 ns,36591,56977
3553 ns,15333,26833
3554 ns,5474,56722
3555 ns,17099,15696
3556 ns,47113,39360
3557 ns,48783,15606
3558 ns,65423,6742
3559 ns,10817,34378
3560 ns,21385,40104
3561 ns,12593,26623
3562 ns,56198,26532
3563 ns,3774,61421
3564 ns,46430,51249
3565 ns,46532,50191
3566 ns,54902,4632
3567 ns,34463,11829
3568 ns,44951,9664
3569 ns,24534,20926
3570 ns,37787,51178
3571 ns,59758,34195
3572 ns,19474,48847
3573 ns,58896,35889
3574 ns,7732,64827
3575 ns,26815,12557
3576 ns,33687,21513
3577 ns,42348,172
3578 ns,3815,29294
3579 ns,57593,13588
3580 ns,60041,62337
3581 ns,10389,63768
3582 ns,42621,59214
3583 ns,57056,39306
3584 ns,52155,33640
3585 ns,51451,54700
3586 ns,20519,27580
3587 ns,14379,43623
3588 ns,2425,12521
3589 ns,61439,35013
3590 ns,65179,12428
3591 ns,36770,5237
3592 ns,23811,44318
3593 ns,46100,16990
3594 ns,10805,62295
3595 ns,37574,49990
3596 ns,47254,28946
3597 ns,58537,60644
3598 ns,40036,31898
3599 ns,10516,38852
3600 ns,44672,31888
3601 ns,42694,13946
3602 ns,58890,25212
3603 ns,26109,18170
3604 ns,19641,3463
3605 ns,18827,16607
3606 ns,35867,40630
3607 ns,4072,26283
3608 ns,47620,23862
3609 ns,54001,49392
3610 ns,40884,8995
3611 ns,55803,55021
3612 ns,44881,56681
3613 ns,38867,31904
3614 ns,30864,40242
3615 ns,42672,49616
3616 ns,20545,51627
3617 ns,53426,3645
3618 ns,43353,12240
3619 ns,14593,20646
3620 ns,6865,12711
3621 ns,34261,6384
3622 ns,42511,8148
3623 ns,55246,62788
3624 ns,46981,42572
3625 ns,45944,41598
3626 ns,62620,31012
3627 ns,766,29343
3628 ns,58416,15306
3629 ns,41458,28773
3630 ns,58193,6748
3631 ns,11708,726
3632 ns,19297,33840
3633 ns,39982,47922
3634 ns,56700,13605
3635 ns,23729,31886
3636 ns,19038,34549
3637 ns,26644,52203
3638 ns,43474,4447
3639 ns,35406,7856
3640 ns,60542,34321
3641 ns,36725,33896
3642 ns,25642,7696
3643 ns,2369,19631
3644 ns,38518,23090
3645 ns,46564,38572
3646 ns,24927,16140
3647 ns,60844,43666
3648 ns,43877,41584
3649 ns,31073,5951
3650 ns,1375,45930
3651 ns,23028,6438
3652 ns,63536,34613
3653 ns,46594,23690
3654 ns,33364,25158
3655 ns,47117,30993
3656 ns,31424,41755
3657 ns,61820,22038
3658 ns,39283,49752
3659 ns,53431,64153
3660 ns,18845,20744
3661 ns,4272,41724
3662 ns,51056,41861
3663 ns,41685,43363
3664 ns,58985,41360
3665 ns,42521,64730
3666 ns,24482,24616
3667 ns,4059,64645
3668 ns,3686,32788
3669 ns,26344,3023
3670 ns,26753,372
3671 ns,64113,44757
3672 ns,37807,13635
3673 ns,8096,57346
3674 ns,10562,37151
3675 ns,59766,3808
3676 ns,51193,23281
3677 ns,2731,19439
3678 ns,31475,64974
3679 ns,18827,50219
3680 ns,39576,21901
3681 ns,56379,39836
3682 ns,35397,3521
3683 ns,7658,57862
3684 ns,15336,10241
3685 ns,27693,51558
3686 ns,55354,35900
3687 ns,5436,17268
3688 ns,48657,5952
3689 ns,8862,48678
3690 ns,59647,50994
3691 ns,46281,57297
3692 ns,40709,31369
3693 ns,47990,42317
3694 ns,47236,6456
3695 ns,52947,38845
3696 ns,24966,55159
3697 ns,58995,37624
3698 ns,51,10274
3699 ns,34987,20511
3700 ns,22022,2849
3701 ns,49181,15296
3702 ns,59640,52748
3703 ns,18613,55150
3704 ns,58094,14832
3705 ns,20034,38884
3706 ns,37577,41366
3707 ns,63726,32867
3708 ns,37156,15816
3709 ns,4907,18357
3710 ns,59431,21439
3711 ns,42122,37656
3712 ns,29418,4907
3713 ns,30960,64673
3714 ns,19224,43885
3715 ns,13381,62540
3716 ns,42183,36279
3717 ns,13132,54207
3718 ns,56258,42251
3719 ns,61595,3481
3720 ns,51793,19022
3721 ns,5190,60566
3722 ns,7581,53182
3723 ns,52874,43167
3724 ns,41431,30896
3725 ns,55589,41367
3726 ns,23727,25143
3727 ns,62844,4741
3728 ns,24035,56239
3729 ns,56209,7828
3730 ns,34890,28005
3731 ns,39981,47144
3732 ns,45811,58268
3733 ns,26819,9669
3734 ns,43102,32952
3735 ns,48110,22246
3736 ns,58295,18249
3737 ns,41084,49667
3738 ns,668,328
3739 ns,57251,17492
3740 ns,64487,51295
3741 ns,48737,21253
3742 ns,4244,20437
3743 ns,19668,21966
3744 ns,54821,37541
3745 ns,7503,5928
3746 ns,43517,36273
3747 ns,5074,23282
3748 ns,46622,25000
3749 ns,25528,4330
3750 ns,49613,40588
3751 ns,25559,33371
3752 ns,59108,51184
3753 ns,45949,24247
3754 ns,38628,23493
3755 ns,35928,65015
3756 ns,53550,14728
3757 ns,60536,51681
3758 ns,41572,24784
3759 ns,42813,23896
3760 ns,39111,31572
3761 ns,672,19799
3762 ns,35439,4491
3763 ns,38390,55392
3764 ns,59238,35924
3765 ns,12156,47871
3766 ns,60128,7150
3767 ns,50255,23070
3768 ns,12991,52366
3769 ns,42558,11004
3770 ns,2908,5673
3771 ns,3065,50736
3772 ns,25141,23701
3773 ns,37115,7970
3774 ns,5881,36200
3775 ns,32302,9459
3776 ns,11021,59244
3777 ns,38377,26329
3778 ns,23978,13975
3779 ns,28572,59924
3780 ns,43235,42609
3781 ns,55502,50512
3782 ns,54008,57075
3783 ns,25926,18220
3784 ns,8759,28407
3785 ns,49251,45284
3786 ns,32734,58003
3787 ns,20118,45136
3788 ns,14895,25585
3789 ns,60958,25553
3790 ns,7667,15073
3791 ns,64078,44988
3792 ns,29267,63391
3793 ns,5963,22897
3794 ns,30746,62816
3795 ns,9229,39970
3796 ns,43770,62485
3797 ns,11991,40004
3798 ns,20771,41934
3799 ns,62466,768
3800 ns,29118,10027
3801 ns,32781,36782
3802 ns,26434,23752
3803 ns,14285,8342
3804 ns,41101,44071
3805 ns,42412,54596
3806 ns,32649,18414
3807 ns,50619,4765
3808 ns,55845,44119
3809 ns,24970,53473
3810 ns,64094,26140
3811 ns,15565,49690
3812 ns,52408,32757
3813 ns,20706,19516
3814 ns,29131,42153
3815 ns,21843,30944
3816 ns,2882,52798
3817 ns,65139,6857
3818 ns,29101,62147
3819 ns,44216,29370
3820 ns,21742,60337
3821 ns,57772,31132
3822 ns,30438,58018
3823 ns,55574,55814
3824 ns,5368,63187
3825 ns,6247,12800
3826 ns,15416,8921
3827 ns,33634,36374
3828 ns,59723,46991
3829 ns,52990,42256
3830 ns,45371,22831
3831 ns,24086,50226
3832 ns,35777,56670
3833 ns,62929,20489
3834 ns,39729,26440
3835 ns,35958,38017
3836 ns,18270,48868
3837 ns,48160,17223
3838 ns,59828,11396
3839 ns,30908,52378
3840 ns,9675,33797
3841 ns,49686,21574
3842 ns,5633,12939
3843 ns,49478,10060
3844 ns,48986,54829
3845 ns,10516,20564
3846 ns,39744,24411
3847 ns,37405,53107
3848 ns,10842,31821
3849 ns,28436,1778
3850 ns,34154,6666
3851 ns,42723,8742
3852 ns,50499,8769
3853 ns,38140,10725
3854 ns,7181,30044
3855 ns,48248,7928
3856 ns,50348,32856
3857 ns,18007,18276
3858 ns,52470,27638
3859 ns,63506,6404
3860 ns,23236,33009
3861 ns,23744,3411
3862 ns,58058,9750
3863 ns,18348,26710
3864 ns,38188,37346
3865 ns,60576,14335
3866 ns,55347,22173
3867 ns,58851,48291
3868 ns,6451,60793
3869 ns,39176,15237
3870 ns,8200,36242
3871 ns,54063,56924
3872 ns,27129,9144
3873 ns,52580,35206
3874 ns,24520,52543
3875 ns,25490,53584
3876 ns,703,15809
3877 ns,21756,32699
3878 ns,65510,7226
3879 ns,36471,31058
3880 ns,29434,59235
3881 ns,51319,56158
3882 ns,4866,26696
3883 ns,23177,22281
3884 ns,64424,54544
3885 ns,50501,32920
3886 ns,34564,16717
3887 ns,13378,59828
3888 ns,39724,8249
3889 ns,9330,36515
3890 ns,7856,9096
3891 ns,16766,2807
3892 ns,41715,48440
3893 ns,31240,37811
3896 ns,64356,18739
3897 ns,57629,32299
3898 ns,53723,5201
3899 ns,53106,59373
3900 ns,38754,38209
3901 ns,1270,16312
3902 ns,396,47779
3903 ns,5189,41225
3904 ns,58326,17319
3905 ns,29738,22234
3906 ns,10215,43099
3907 ns,1937,27607
3908 ns,56163,21940
3909 ns,35230,47890
3910 ns,16184,30670
3911 ns,22742,28439
3912 ns,61124,19634
3913 ns,555,33873
3914 ns,55854,29193
3915 ns,42279,59251
3916 ns,44618,5138
3917 ns,33700,21176
3918 ns,14771,2310
3919 ns,19451,45365
3920 ns,20212,31370
3921 ns,32925,12919
3922 ns,56926,34544
3923 ns,40080,15
3924 ns,804,3117
3925 ns,56542,34766
3926 ns,23964,15861
3927 ns,23947,58030
3928 ns,61404,65185
3929 ns,6538,17067
3930 ns,38192,58819
3931 ns,7900,17546
3932 ns,57642,17865
3933 ns,18860,43607
3934 ns,43730,23596
3935 ns,37289,54491
3936 ns,8533,49926
3937 ns,38614,17709
3938 ns,6827,47789
3939 ns,56641,41692
3940 ns,38992,46478
3941 ns,16042,60961
3942 ns,28179,31436
3943 ns,34920,58662
3944 ns,12004,28532
3945 ns,5900,46610
3946 ns,54663,37326
3947 ns,48311,39363
3948 ns,35485,17357
3949 ns,39886,35243
3950 ns,27170,36833
3951 ns,55436,1651
3952 ns,11853,21117
3953 ns,5956,21981
3954 ns,33204,24186
3955 ns,25691,16291
3956 ns,25386,19141
3957 ns,10339,41134
3958 ns,23990,59521
3959 ns,5203,31516
3960 ns,35965,44493
3961 ns,51407,24017
3962 ns,11846,18336
3963 ns,35199,2379
3964 ns,27458,21339
3965 ns,28768,63889
3966 ns,21183,52229
3967 ns,38734,25759
3968 ns,47080,39832
3969 ns,62452,50281
3970 ns,56605,59450
3971 ns,38999,62430
3972 ns,581,6729
3973 ns,53106,60966
3974 ns,62556,993
3975 ns,10002,19201
3976 ns,59089,53731
3977 ns,34171,6053
3978 ns,32298,64942
3979 ns,12068,51716
3980 ns,8424,25576
3981 ns,8894,61282
3982 ns,40943,45678
3983 ns,989,360
3984 ns,2268,44730
3985 ns,16811,53617
3986 ns,29465,2481
3987 ns,4392,8250
3988 ns,21709,32048
3989 ns,663,24801
3990 ns,32773,31273
3991 ns,18540,3852
3992 ns,11328,39222
3993 ns,52958,6756
3994 ns,11307,51456
3995 ns,47741,41134
3996 ns,34839,3891
3997 ns,44147,8822
3998 ns,38393,16601
3999 ns,37352,44137
4 us,15422,31596
4001 ns,32575,63970
4002 ns,4349,375
4003 ns,41898,49425
4004 ns,3824,62867
4005 ns,54137,44479
4006 ns,61165,49332
4007 ns,26098,57752
4008 ns,62718,7106
4009 ns,24681,26009
4010 ns,4496,39338
4011 ns,44610,5849
4012 ns,56172,38334
4013 ns,35961,20515
4014 ns,732,19263
4015 ns,64402,34073
4016 ns,61551,60446
4017 ns,35166,4791
4018 ns,12641,11740
4019 ns,41548,31686
4020 ns,19322,16350
4021 ns,43964,12478
4022 ns,52162,19793
4023 ns,24175,51834
4024 ns,52058,40260
4025 ns,19992,43001
4026 ns,33512,23132
4027 ns,31822,17509
4028 ns,48734,1745
4029 ns,1013,14972
4030 ns,19901,41429
4031 ns,39312,60861
4032 ns,2815,35918
4033 ns,36107,3116
4034 ns,56301,55816
4035 ns,15231,59920
4036 ns,12592,16890
4037 ns,11564,57066
4038 ns,61117,55811
4039 ns,9312,59526
4040 ns,24696,2723
4041 ns,55254,7979
4042 ns,25363,46081
4043 ns,58333,27428
4044 ns,24015,41567
4045 ns,4761,51021
4046 ns,46854,40393
4047 ns,65267,1912
4048 ns,39118,50269
4049 ns,8695,40403
4050 ns,17787,20131
4051 ns,36897,63294
4052 ns,42136,34534
4053 ns,62588,36697
4054 ns,55295,31656
4055 ns,19343,48964
4056 ns,37300,41395
4057 ns,33615,57292
4058 ns,21001,11241
4059 ns,22958,38304
4060 ns,2268,11437
4061 ns,44601,6351
4062 ns,24778,10682
4063 ns,28069,50833
4064 ns,9201,43838
4065 ns,54875,37280
4066 ns,55676,64799
4067 ns,19820,34903
4068 ns,20784,46164
4069 ns,57117,10402
4070 ns,7886,26137
4071 ns,6683,28700
4072 ns,14330,8105
4073 ns,7962,21042
4074 ns,42739,33825
4075 ns,22969,16656
4076 ns,18924,9677
4077 ns,26038,18155
4078 ns,9109,7096
4079 ns,41475,44506
4080 ns,9006,29712
4081 ns,16307,57035
4082 ns,37970,33605
4083 ns,7108,40096
4084 ns,6560,16641
4085 ns,30028,27742
4086 ns,52020,37222
4087 ns,97,4977
4088 ns,45165,63000
4089 ns,14592,9604
4090 ns,26675,34864
4091 ns,3253,28719
4092 ns,49486,3864
4093 ns,10846,38782
4094 ns,3254,31846
4095 ns,30695,16206
4096 ns,3624,37745
4097 ns,59436,62614
4098 ns,18115,21641
4099 ns,55964,31056
4100 ns,30718,50436
4101 ns,57767,14921
4102 ns,46324,53597
4103 ns,1811,9036
4104 ns,31686,49924
4105 ns,7928,22192
4106 ns,4223,7384
4107 ns,47792,13593
4108 ns,2412,4807
4109 ns,17015,7763
4110 ns,62627,62878
4111 ns,41160,28612
4112 ns,45111,17120
4113 ns,3395,27786
4114 ns,40276,6692
4115 ns,6842,24128
